Time,SlantRange,Azimuth,Elevation,RadialVelocity,X,Y,Z,Group_Size,Circle,Track_ID
70614.842,1030.0,-80.55000000000004,7.33,1.2,167.73042708547558,-1007.718974165377,131.4114642518074,0,1,0
70614.893,763.0000000000001,-73.01,3.0999999999999996,-1.2,222.62600486563696,-728.6316615615635,41.26213430738355,0,1,1
70615.041,1604.0,-55.360000000000035,2.26,-1.2,911.0337138201216,-1318.6480562481759,63.252478497085534,0,1,2
70615.041,1644.0000000000002,-56.05999999999999,1.1999999999999997,-2.4,917.684056973951,-1363.6005985041459,34.42933828823884,0,1,3
70615.229,1679.9999999999998,-32.85,2.67,2.4,1409.8250053201132,-910.3124750364724,78.26015695814863,0,1,4
70615.249,1227.0000000000002,-30.31000000000001,2.18,-1.2,1058.5116319818646,-618.7921109806006,46.6738507867319,0,1,0
70615.292,1441.0,-25.94000000000003,1.77,-1.2,1295.2047415713184,-630.0354333899709,44.508764128946744,0,1,5
70615.376,2903.0000000000005,-15.440000000000019,1.3599999999999999,-2.4,2797.4418272792414,-772.6454171758107,68.90052471352587,0,1,6
70615.502,630.9999999999999,-0.22999999999999982,-0.7100000000000001,1.2,630.9464695317818,-2.5327950630695883,-7.8190494658091625,0,1,6
70615.522,2212.0000000000005,1.9299999999999997,3.2499999999999996,1.2,2207.189567717563,74.37699281075356,125.40444609019106,0,1,3
70615.627,4323.0,14.629999999999999,3.09,1.2,4176.7541559158835,1090.2986127088611,233.02930323143548,0,1,1
70615.649,2181.0,17.170000000000005,4.22,1.2,2078.1500216862287,642.1027023148112,160.49176628582518,0,1,2
70615.837,2369.0,39.94,1.11,1.2,1816.0120796436909,1520.577205783642,45.89213265265007,0,1,4
70615.858,1011.0000000000002,42.8,0.5999999999999998,-8.4,741.7602195987806,686.8774946144074,10.586973741524496,0,1,4
70615.983,2141.0,57.78000000000001,2.6,1.2,1140.34532437287,1809.436605047831,97.12215758473235,0,1,3
70616.046,470.0,65.42,2.57,2.4,195.30615063927445,426.9793459516631,21.074763418815408,0,1,3
70620.723,1032.0,-88.57,5.03,2.4,25.655015712444158,-1027.705524325159,90.48301188811061,0,3,10
70623.702,984.0000000000001,-87.74,4.629999999999999,2.4,38.676641343111626,-980.026073601392,79.42929230362925,0,4,14
70624.142,1150.0,-35.00000000000003,2.47,1.2,941.1496379610975,-659.0000710837004,49.560723132063096,0,4,14
70626.659,972.9999999999999,-87.67,4.65,1.2,39.427077636081776,-968.9955976773725,78.87989116973901,0,5,17
70627.246,1760.9999999999998,-20.32999999999997,1.7900000000000003,2.4,1650.4965025161061,-611.5198354696912,55.00714507427764,0,5,13
70627.372,3972.0000000000005,-5.160000000000049,-0.43999999999999995,-2.4,3955.7865425552113,-357.22042079769386,-30.502470460752857,0,5,16
70630.057,1228.0,-40.449999999999996,1.07,2.4,934.3111923055487,-796.5680999584067,22.931595261512697,0,6,17
70630.203,524.0,-22.759999999999973,-0.39000000000000007,1.2,483.18674125174294,-202.71618468876378,-3.5667273167743794,0,6,22
70633.035,1230.0,-39.68999999999999,1.24,2.4,946.2769143656827,-785.3352788771659,26.617683773880216,0,7,13
70633.39,2266.0,2.7599999999999993,4.36,-1.2,2256.821394122115,108.79770688773341,172.26797151149162,0,7,13
70635.614,1322.0000000000002,-88.01999999999998,5.009999999999999,2.4,45.50144163050928,-1316.1629744312331,115.44974467652577,0,8,28
70636.096,4089.0000000000005,-29.800000000000043,3.3999999999999995,8.4,3542.0473326763254,-2028.549634274106,242.50376155210708,0,8,26
70636.169,2604.0,-22.18000000000001,8.37,9.6,2385.6266783685087,-972.5849273376209,379.051329732676,0,8,27
70641.717,1023.0000000000001,-67.81000000000002,3.5499999999999994,2.4,385.62442689060475,-945.4154519030108,63.343702830815694,0,10,36
70641.822,1122.0,-57.48,1.32,1.2,603.0203731081996,-945.8236493988951,25.84673778649419,0,10,37
70642.325,2279.0,3.7000000000000006,4.81,-1.2,2266.2403313785344,146.5511882588023,191.098167582123,0,10,38
70642.408,4351.0,13.11,2.93,-2.4,4232.057567464887,985.6093097635431,222.4051127348794,0,10,36
70645.24,109.0,-3.699999999999987,-1.2799999999999998,1.2,108.74566007369457,-7.032266384604257,-2.4348808250995337,0,11,41
70647.484,974.0000000000001,-92.24000000000002,4.02,-2.4,-37.97553202722945,-970.8611808420783,68.2819632199775,0,12,45
70650.482,1315.0,-89.95000000000002,5.430000000000001,-1.2,1.1424042506669492,-1309.098508908845,124.43789167760296,0,13,49
70653.46,1028.0,-88.63,4.99,1.2,24.48502297315282,-1023.8110267388571,89.41736508045491,0,14,54
70653.608,1019.9999999999999,-72.2,4.11,2.4,311.00732790963764,-968.6744070102648,73.10496009039974,0,14,53
70654.111,3810.0,-11.079999999999986,0.77,1.2,3738.643225638635,-732.137466767334,51.201183012236704,0,14,52
70654.175,2252.0,-3.4800000000000013,0.65,-1.2,2247.702770735576,-136.68787621023384,25.547581583178438,0,14,55
70656.818,1232.0,-44.54000000000004,1.28,1.2,877.9023688343734,-863.9178394641444,27.520854830482804,0,15,58
70657.089,4681.0,-11.709999999999999,1.0300000000000002,-1.2,4582.835617735129,-949.8938203891621,84.14529579701782,0,15,53
70657.634,972.0000000000001,54.18,2.2299999999999995,1.2,568.4232081783628,787.5586263406555,37.82150817507978,0,15,58
70657.697,520.0,62.550000000000004,1.95,1.2,239.56786111009336,461.187764822213,17.69422226112707,0,15,53
70659.796,1243.0,-44.00000000000002,1.79,-2.4,893.7030562657943,-863.0390094466532,38.82673556350205,0,16,58
70660.046,2313.0,-14.110000000000003,1.25,1.2,2242.6817665435074,-563.7388593110533,50.457829084939874,0,16,60
70665.52,1023.0,-70.38000000000001,3.6900000000000004,1.2,342.7912099281446,-961.60724556948,65.83837531619672,0,18,67
70665.604,1571.0000000000002,-61.440000000000005,2.9299999999999993,1.2,750.0799440988268,-1378.0321123731796,80.30301818122167,0,18,68
70666.003,464.00000000000006,-13.980000000000008,-0.27,1.2,450.25137349381237,-112.09335264876202,-2.1865403942692683,0,18,69
70666.295,2124.0,21.590000000000003,1.88,-7.2,1973.9186160680738,781.1311752979966,69.68058637432559,0,18,67
70669.609,3859.0000000000005,62.48,6.489999999999999,1.2,1771.6559236003932,3400.4207900360293,436.18200222199073,0,19,64
70671.308,999.9999999999999,-91.92999999999999,4.86,-2.4,-33.5573999894982,-995.8394441276383,84.72132214207345,0,20,77
70674.391,753.0000000000001,-79.20999999999997,3.72,2.4,140.6720149923673,-738.128417736691,48.85512386143691,0,21,81
70677.579,1662.0000000000002,-53.38,1.2399999999999998,-1.2,991.1592695470175,-1333.624281884633,35.96633368470644,0,22,81
70677.915,2634.0,-13.620000000000033,0.36999999999999994,2.4,2559.875543568053,-620.2450144557763,17.009511601381977,0,22,83
70678.501,198.00000000000003,57.74000000000001,0.16999999999999998,-2.4,105.68443360216955,167.43492874846962,0.587476964250369,0,22,81
70683.367,1042.0,-73.64000000000001,6.240000000000001,-2.4,291.7629668348115,-993.8867558610137,113.2584994948209,0,24,93
70683.451,685.0,-63.19,0.0,1.2,308.9578238131587,-611.3673716388839,0.0,0,24,94
70683.891,1853.0,-11.009999999999991,-0.66,-2.4,1818.7727594043167,-353.8630520319647,-21.344555639089087,0,24,91
70683.913,4429.0,-7.779999999999987,0.12,-1.2,4388.222111636494,-599.5512100614084,9.276069126930606,0,24,95
70683.975,2191.0,-0.5699999999999786,1.11,-2.4,2190.4804501464732,-21.79244369061606,42.44392682226944,0,24,93
70684.175,2061.0,22.64,9.79,2.4,1874.4824853650607,781.8075822387309,350.4473090403968,0,24,81
70684.29,2902.9999999999995,37.48,3.4800000000000004,-1.2,2299.473534897533,1763.173171947141,176.21245140936608,0,24,95
70689.197,993.0,-88.19999999999997,4.55,-1.2,31.09258524732114,-989.3821049064425,78.77373695296718,0,26,99
70692.175,1002.9999999999999,-88.06999999999998,4.730000000000001,1.2,33.66447886919446,-999.0170851864623,82.70771649616587,0,27,102
70695.133,1304.0,-91.24999999999999,5.36,-2.4,-28.322225063127746,-1297.9891984608862,121.81088722417076,0,28,108
70701.592,1802.0000000000002,-28.929999999999993,3.2299999999999995,-1.2,1574.625441124435,-870.3159733925237,101.53239198159139,0,30,110
70704.067,1001.0000000000001,-90.36000000000004,4.4799999999999995,2.4,-6.270210773739836,-997.9219065353461,78.18921225919156,0,31,119
70707.339,254.0,-55.640000000000015,-0.7500000000000001,-1.2,143.3429886935265,-209.66099680548373,-3.324757275121488,0,32,119
70707.695,3801.0,-12.130000000000024,0.8700000000000001,-3.6,3715.707993715388,-798.6139564286063,57.71355158898404,0,32,122
70708.345,1012.0,65.75,2.01,1.2,415.3917395493085,922.1354679156782,35.49480984781707,0,32,119
70710.442,1794.0,-39.910000000000025,4.27,2.4,1372.273732183501,-1147.8059460660888,133.57512543320476,0,33,119
70710.568,182.0,-25.19999999999997,-0.85,2.4,164.66040215534355,-77.4833037843494,-2.6999253142931896,0,33,125
70710.819,2303.0,5.29,4.46,-2.4,2286.2469824392524,211.68626733075718,179.08841255364104,0,33,122
70713.294,1143.0,-55.50000000000002,0.68,1.2,647.3567343820371,-941.9098932977743,13.565078621228063,0,34,131
70718.957,1319.0,-89.93000000000002,5.35,-1.2,1.6044421020771882,-1313.2530740604795,122.98288188297477,0,36,140
70719.733,2233.0,2.55,3.68,2.4,2226.18912969291,99.14401101514474,143.3227962222082,0,36,138
70722.292,1762.9999999999998,-47.16000000000004,3.8000000000000007,-1.2,1196.1222996394688,-1289.8870693084862,116.84088640520025,0,37,140
70727.89,1014.0000000000001,-90.43000000000004,4.719999999999999,-2.4,-7.584105852955352,-1010.5327871316706,83.43840524787707,0,39,154
70728.604,3725.0000000000005,-4.740000000000025,-0.6499999999999999,-2.4,3712.0213938070915,-307.79285836434053,-42.25787806276185,0,39,152
70733.847,1312.0,-90.33999999999999,5.39,-1.2,-7.751094384222964,-1306.1758292363904,123.2421342499188,0,41,161
70734.477,2633.0,-14.050000000000006,0.67,-1.2,2554.0571699810725,-639.1658788230778,30.788826164652868,0,41,160
70737.244,1810.0000000000002,-39.990000000000016,3.759999999999999,2.4,1383.7585054931826,-1160.6997550990802,118.69489032055779,0,42,161
70739.824,952.9999999999999,-87.25999999999998,4.170000000000001,-1.2,45.436413813726276,-949.3904739327437,69.29834273276641,0,43,167
70748.715,983.0,-92.06999999999998,4.3,3.6,-35.406463022255906,-979.5933287436266,73.70408847028013,0,46,185
70749.157,1816.9999999999998,-39.74000000000004,4.53,2.4,1392.8237161348443,-1157.9880726852318,143.50860354370482,0,46,183
70749.24,1822.9999999999998,-28.98000000000005,3.2500000000000004,1.2,1592.1752686255522,-881.8307631025688,103.3509517280372,0,46,180
70751.945,1089.0,-61.43000000000002,1.9600000000000002,1.2,520.4900447432773,-955.8367371804177,37.245740420005916,0,47,178
70752.05,945.0000000000001,-49.00000000000002,-0.39,-2.4,619.9614199965513,-713.1840312599086,-6.4323612869308935,0,47,185
70752.302,1461.0,-19.059999999999995,0.44,-1.2,1380.8630583116746,-477.08734584703234,11.219564285790515,0,47,188
70752.355,413.0,-9.37999999999999,30.28,7.0,351.8862807876394,-58.128205453474735,208.2454252179414,0,47,180
70752.91,972.0000000000001,54.07000000000001,1.8499999999999999,1.2,570.0688209252646,786.6516981204006,31.379057557052803,0,47,180
70754.987,3686.0,-54.04000000000001,1.41,-1.2,2163.838671395553,-2982.6450824931903,90.70014361796257,0,48,193
70760.628,1309.0,-91.50000000000001,5.28,-1.2,-34.12023220699558,-1302.9990988418963,120.45811791384921,0,50,195
70761.257,143.0,-15.860000000000044,-1.06,-1.2,137.5327839716752,-39.07345762063056,-2.645419167033712,0,50,196
70761.28,2031.9999999999998,-14.029999999999957,5.360000000000001,9.6,1962.7632250066479,-490.4635644235854,189.81573837386117,0,50,202
70764.634,3833.9999999999995,31.489999999999995,3.74,1.2,3262.4092689118934,1998.4238341322462,250.08786713860596,0,51,205
70769.603,980.0,-87.02,4.73,1.2,50.774108388132134,-975.3417613240541,80.81112877990284,0,53,212
70772.54,1309.9999999999998,-91.62000000000002,5.3100000000000005,-2.4,-36.87551142978689,-1303.8568653223708,121.23312834581154,0,54,210
70773.127,1481.0000000000002,-21.079999999999973,1.0699999999999998,2.4,1381.6492426116197,-532.58005073721,27.656101451384615,0,54,212
70778.496,1013.0,-91.87,4.72,-1.2,-32.94397490098048,-1009.026982774805,83.35611885216912,0,56,229
70781.474,1313.0,-89.79000000000002,5.25,-2.4,4.7921972658607785,-1307.4830877355266,120.14162530504733,0,57,232
70781.905,1805.0,-39.94999999999997,14.290000000000001,10.6,1340.9081975255276,-1123.1629713621433,445.5279402796217,0,57,235
70790.428,1023.0000000000001,-89.01999999999997,5.41,2.4,17.418831789548243,-1018.2941000473163,96.45055784138219,0,60,244
70800.034,1852.0,-7.809999999999986,-0.4,2.4,1834.7763912907008,-251.65934776415057,-12.929294071824796,0,63,260
70802.782,1152.0,-36.05000000000002,1.76,-1.2,930.9569262585696,-677.6218433585144,35.38133483357105,0,64,263
70808.277,1014.0,-90.56000000000003,4.47,-1.2,-9.880374789438202,-1010.8674090523367,79.02821970559663,0,66,271
70808.843,2490.0,-23.160000000000046,4.36,7.2,2282.706078938389,-976.4832623708078,189.29710903072115,0,66,272
70814.233,996.0000000000001,-90.62000000000002,4.569999999999999,1.2,-10.74328217171932,-992.7753236235374,79.35829315427391,0,68,280
70817.231,985.0000000000001,-88.08999999999997,4.78,2.4,32.71548928525355,-981.0288286795225,82.08004666489184,0,69,284
70820.21,993.0000000000001,-87.88999999999999,4.749999999999999,1.2,36.434830396231504,-988.9185854705587,82.22855005961891,0,70,288
70823.157,1805.0,-91.79,11.07,3.5,-55.3324702433665,-1770.5505653521207,346.57468642134364,0,71,291
70823.482,248.00000000000003,-52.80999999999999,0.8199999999999998,-1.2,149.89074909153547,-197.54535341343393,3.5491804039603694,0,71,291
70823.796,2311.0,-15.089999999999993,1.73,2.4,2230.295234630693,-601.3622591845851,69.7681848125167,0,71,290
70826.668,172.0,-26.95000000000002,-1.05,1.2,153.2954619760132,-77.93950819920904,-3.151888200129681,0,72,291
70829.122,1313.9999999999998,-90.56000000000003,5.650000000000001,1.2,-12.780235067312782,-1307.5539526480725,129.36508998190382,0,73,299
70832.29,1033.0,-67.47000000000004,3.8499999999999996,2.4,394.91839057006274,-952.0071431401152,69.36039359567923,0,74,291
70835.562,882.9999999999999,-31.880000000000013,0.44000000000000006,1.2,749.7827231241204,-466.3355955554296,6.780886560132118,0,75,302
70838.047,1879.0000000000002,-91.41000000000003,13.199999999999998,3.5,-45.01430800977627,-1828.800848784832,429.0712849379221,0,76,312
70844.327,1632.0,-52.29000000000002,1.47,1.2,997.9089589159228,-1290.677690757223,41.86655343996441,0,78,317
70846.99,1040.0,-89.75000000000003,5.24,-1.2,4.5188774824442515,-1035.6438590739194,94.98092918464572,0,79,325
70850.095,811.0,-73.81,5.23,1.2,225.18445203960442,-775.5952058675678,73.92590340921296,0,80,329
70854.017,2671.0,38.86,2.69,-1.2,2077.5660777336466,1673.9910839517124,125.35566800349544,0,81,329
70862.888,3424.9999999999995,32.02,3.77,-2.4,2897.646994655891,1812.0575162673001,225.19869471394728,0,84,344
70870.794,984.0000000000001,-90.99,4.42,-2.4,-16.950889604801663,-980.9270480900813,75.83398754440722,0,87,361
70879.728,1005.0000000000001,-91.45999999999997,4.92,-1.2,-25.51209575384019,-1000.9719317159688,86.19353158473648,0,90,378
70885.831,802.9999999999999,-73.64999999999996,4.980000000000001,-1.2,225.1945476120859,-767.6179872992338,69.70682391603535,0,92,385
70885.894,1032.0,-66.07999999999997,4.26,2.4,417.27940066598916,-940.757785007502,76.65958340358748,0,92,388
70885.915,1094.0,-61.07999999999998,2.32,1.2,528.6115709225202,-956.7886807152702,44.28574874559722,0,92,390
70886.23,1799.0000000000002,-25.199999999999974,2.6099999999999994,-1.2,1626.0952650219078,-765.1823495676788,81.9216759070389,0,92,389
70886.23,1461.0,-25.870000000000033,2.1,-1.2,1313.704993161396,-637.051048631607,53.53645842027872,0,92,383
70886.293,1454.0,-17.889999999999972,0.07,2.4,1383.6952076539724,-446.6546951884095,1.7763956707642148,0,92,383
70886.314,1435.0,-11.650000000000004,8.13,8.4,1391.3131334552975,-286.8611069597628,202.93710845634232,0,92,390
70886.314,2305.0,-15.77,1.51,1.2,2217.470480707263,-626.2270486800953,60.7400254635808,0,92,389
70886.439,2244.0,-0.56000000000003,1.7400000000000002,1.2,2242.858171974068,-21.92204352441522,68.136953386962,0,92,385
70886.671,3291.0,27.73,3.26,2.4,2908.3150457329866,1528.8425973447913,187.14942507837918,0,92,383
70886.817,2133.0,45.02,1.41,1.2,1507.275665040637,1508.3283094492124,52.48600280442598,0,92,390
70888.956,1800.0000000000002,-55.61000000000002,7.109999999999999,8.4,1008.8634499504442,-1473.9596983798326,222.79440501529783,0,93,391
70889.67,3371.9999999999995,29.86,3.1000000000000005,2.4,2920.0693288860703,1676.4027623654615,182.3537573846623,0,93,390
70891.641,975.0,-91.11999999999999,3.9200000000000004,2.4,-19.013195543125693,-972.5331264112457,66.654455425027,0,94,390
70894.618,1031.0,-90.36000000000004,4.89,1.2,-6.454343019344655,-1027.2270779592723,87.88556060834821,0,95,397
70895.122,1806.9999999999998,-29.959999999999987,3.0900000000000003,-1.2,1563.262139167882,-901.0952524377626,97.40549408725512,0,95,395
70895.248,2924.9999999999995,-14.93,1.6900000000000004,-1.2,2825.0264815686332,-753.2655512564949,86.26347851897633,0,95,396
70897.597,973.0,-91.02,4.09,-1.2,-17.276668007211924,-970.3682219651349,69.39762634839308,0,96,401
70900.575,1309.0000000000002,-90.89000000000001,5.41,-2.4,-20.241872266295022,-1303.0118754752202,123.4152299260697,0,97,405
70903.647,1013.0,-79.97000000000003,7.34,2.4,174.98218747008403,-989.343844802666,129.41789219139164,0,98,407
70903.846,1148.0,-55.47000000000002,1.22,1.2,650.5821335752605,-945.5418816179844,24.442536263315446,0,98,405
70903.993,1884.0,-38.04000000000004,2.3000000000000003,-2.4,1482.6067725223147,-1160.007130786645,75.60829713134254,0,98,410
70904.182,1583.0000000000002,-9.890000000000011,7.289999999999998,7.2,1546.869683425229,-269.69378278509237,200.86922618211037,0,98,404
70912.487,1311.0,-90.21,5.49,-1.2,-4.783013991693163,-1304.977561564816,125.42602038453744,0,101,420
70915.78,1628.9999999999998,-52.60000000000005,1.4000000000000001,2.4,989.1198923485713,-1293.7151143550811,39.800018210671986,0,102,420
70915.99,1830.0,-27.61000000000002,3.33,1.2,1618.866535201473,-846.6827721043007,106.2987517638602,0,102,419
70916.116,153.00000000000003,-11.600000000000003,-1.2999999999999998,1.2,149.83643675754442,-30.757003331238536,-3.4711620366355476,0,102,423
70921.526,1034.0,-77.58999999999997,6.67,-1.2,220.7085588825808,-1003.0053662905883,120.09982193266188,0,104,433
70921.588,1062.0,-69.31999999999998,3.73,-1.2,374.2490272598324,-991.467843932761,69.08820479931055,0,104,432
70921.609,990.0000000000001,-67.51999999999998,2.26,-1.2,378.2428670281383,-914.0613885205206,39.0398713915927,0,104,434
70921.924,892.0,-29.180000000000028,0.28,1.2,778.7890491398689,-434.89379742518196,4.35911698898989,0,104,435
70921.945,4176.0,-26.88999999999997,3.26,10.8,3718.449089586371,-1885.660934318959,237.4767545206051,0,104,429
70922.009,1463.0,-19.710000000000008,0.73,1.2,1377.1735253366558,-493.3707049254386,18.639437576904456,0,104,423
70922.009,449.00000000000006,-19.720000000000006,-0.5899999999999999,2.4,422.6450066743588,-151.4952865877164,-4.62347001038288,0,104,429
70922.05,1721.9999999999998,-9.69999999999997,6.670000000000001,7.2,1685.8928211588866,-288.17493734979075,200.01150229017773,0,104,434
70922.134,3972.0,-4.550000000000036,-0.03,2.4,3959.481642309813,-315.09490461933774,-2.079734241647948,0,104,433
70922.197,2282.0,3.3800000000000003,4.41,-2.4,2271.2859327068704,134.14363801650433,175.46992981014674,0,104,435
70922.239,360.0,8.79,-0.66,-2.4,355.74822062524817,55.00915818179714,-4.146810593670843,0,104,436
70922.303,4344.0,15.959999999999999,2.87,1.2,4171.317101305945,1192.9549891820916,217.50410142829423,0,104,436
70922.344,534.0,20.76,0.77,-1.2,499.2840835755579,189.2614742316127,7.1762288001402625,0,104,434
70922.385,3300.9999999999995,26.53,3.910000000000001,-1.2,2946.532343695013,1471.0136530030193,225.09327008572487,0,104,433
70922.385,4900.0,26.540000000000003,3.71,-1.2,4374.464287983997,2184.841882094382,317.0617343656336,0,104,436
70922.47,2056.0,35.959999999999994,5.17,-3.6,1657.4118538625878,1202.4132153261153,185.26847083325472,0,104,435
70922.532,403.0,43.550000000000004,1.8300000000000003,1.2,291.93470758120986,277.52027676292,12.869440349361758,0,104,429
70922.595,482.0,51.54,0.1,2.4,299.78817791811974,377.42594065839995,0.8412482723629848,0,104,434
70922.616,2541.0,53.77000000000001,3.28,1.2,1499.3422491884755,2046.3423748692287,145.3846780544973,0,104,429
70922.637,198.0,56.65,-0.2899999999999999,-2.4,108.84949941176569,165.3928116502378,-1.002163777522795,0,104,434
70922.658,502.0,59.57,1.66,-1.2,254.14891943034868,432.6671386035233,14.542143068533322,0,104,430
70922.679,519.0,61.41,2.16,2.4,248.18507284775092,455.3927193995378,19.561204805696025,0,104,431
70924.734,2121.0,-49.74000000000002,4.9,8.4,1365.7019321973546,-1612.6614397675803,181.1692939743564,0,105,435
70927.356,1026.0,-91.82000000000001,4.93,-1.2,-32.46484988684291,-1021.6885805255998,88.17300009305198,0,106,439
70927.923,183.0,-24.56000000000001,-0.72,-1.2,166.4302089793449,-76.05719851891597,-2.299585298653527,0,106,437
70928.006,1772.0,-9.850000000000012,6.54,7.2,1734.517763265904,-301.1622891781518,201.82518299761415,0,106,438
70930.523,1078.0,-69.04000000000005,4.86,-1.2,384.2315382159621,-1003.0498651087889,91.32958526915517,0,107,445
70930.67,3674.0,-51.529999999999966,1.16,-1.2,2285.1445441583883,-2875.909998013889,74.37805877344411,0,107,439
70930.932,1443.0,-20.02999999999999,21.769999999999996,10.6,1259.02825415362,-458.99550711176533,535.1821929904811,0,107,438
70931.508,2383.0,49.0,1.92,-1.2,1562.5109510951497,1797.4632340767118,79.84015186745336,0,107,439
70931.53,3241.0,51.9,3.74,-14.5,1995.5543150824042,2545.0247579303295,211.4070885227496,0,107,438
70933.648,1239.0,-48.5,1.57,-2.4,820.6780396586204,-927.6077812365065,33.94641971650433,0,108,448
70934.591,520.0,62.540000000000006,1.92,2.4,239.65258927161247,461.15410295527187,17.422106156557174,0,108,448
70934.634,912.0000000000001,67.65,3.4899999999999998,-1.2,346.15706994925785,841.9246417130731,55.51739007246396,0,108,438
70936.385,1049.0,-81.88000000000001,7.39,-2.4,146.93716238649202,-1029.8571307058037,134.92501860001605,0,109,450
70936.668,1221.0,-46.13999999999999,1.41,1.2,845.7730458317778,-880.1171905685342,30.044730156682665,0,109,448
70936.877,1463.0,-21.730000000000036,1.32,1.2,1358.6768814796396,-541.5074320042736,33.702118878467914,0,109,448
70936.94,2663.0,-13.629999999999981,0.64,-1.2,2587.8424682446403,-627.4994598406926,29.745376937051287,0,109,450
70937.526,193.0,57.48,-0.27,2.4,103.75448510012657,162.73653447741304,-0.9094877070990706,0,109,450
70939.645,3745.0,-46.610000000000014,4.91,8.4,2563.2270495413177,-2711.48441513926,320.5376092701398,0,110,448
70939.834,1060.0,-23.910000000000057,0.59,2.4,968.9828481653363,-429.5964392723723,10.915096238320386,0,110,451
70939.96,1581.9999999999998,-8.279999999999957,-0.5300000000000001,-2.4,1565.4424421087285,-227.81531091001168,-14.633678950772808,0,110,450
70945.224,1013.9999999999999,-89.26,4.7700000000000005,-1.2,13.050531349109624,-1010.4037699487054,84.32025441700998,0,112,460
70948.202,1002.0000000000001,-91.13999999999999,4.89,1.2,-19.862671116082673,-998.1553016048504,85.41351283177974,0,113,463
70954.158,1012.0000000000002,-91.24999999999999,4.869999999999999,-2.4,-21.996964334057704,-1008.1066032381555,85.91396899058233,0,115,474
70963.187,1021.0000000000001,-80.50999999999999,7.539999999999998,-2.4,166.88231478063142,-998.3197313586448,133.97390415100125,0,118,490
70963.281,1068.0,-67.89000000000001,4.4,1.2,400.795477640093,-986.546243104091,81.93592203944232,0,118,491
70963.595,1200.9999999999998,-30.27999999999997,1.7500000000000004,2.4,1036.6657692178437,-605.2932335828855,36.67675436499702,0,118,492
70963.867,328.0,2.4300000000000006,0.15,2.4,327.70392858234294,13.906754627598724,0.8587010110731018,0,118,490
70969.173,800.0,-75.30000000000001,6.619999999999999,1.2,201.65282793476823,-768.6548613739172,92.22711679411249,0,120,499
70969.3,1090.0,-60.16000000000004,2.19,-1.2,541.9656828760965,-944.7953527693261,41.65261060403046,0,120,500
70969.405,1219.0,-45.44999999999999,1.2,-1.2,854.9792558019121,-868.5158329107613,25.52880983781213,0,120,497
70969.551,1839.0,-30.829999999999984,3.17,-2.4,1576.7176854554064,-941.0316690825803,101.69433689148595,0,120,498
70969.573,910.9999999999999,-28.020000000000003,0.17000000000000004,2.4,804.2123766780483,-427.967460277891,2.7029874466266977,0,120,500
70969.594,1491.0,-25.739999999999988,3.2200000000000006,-1.2,1340.9337197630562,-646.501183056315,83.74950453106445,0,120,500
70969.615,1461.0,-23.189999999999994,1.6100000000000003,1.2,1342.4269986665975,-575.0876294576557,41.048406738454666,0,120,501
70969.677,2083.0,-10.889999999999999,5.33,8.4,2036.6444223168257,-391.8272674018476,193.49390059163025,0,120,492
70969.866,2153.0,7.889999999999999,2.84,-1.2,2129.9991867546737,295.1829076570625,106.67481170150326,0,120,501
70975.015,2047.0000000000002,-90.89000000000001,8.369999999999997,3.6,-31.456987748389658,-2024.952438371089,297.97160981673875,0,122,505
70975.603,174.99999999999997,-19.060000000000002,11.500000000000002,-1.7,162.0854222956791,-56.000414710266696,34.88938852300951,0,122,504
70978.129,808.9999999999999,-72.83999999999996,5.590000000000001,-2.4,237.5531221154271,-769.3110146262276,78.80404144444067,0,123,511
70978.36,985.0,-45.32,0.57,1.2,692.5650729122657,-700.3446291561108,9.798989448798741,0,123,505
70978.612,4683.0,-14.540000000000024,0.48,-1.2,4532.856643708658,-1175.6532300668307,39.23175014837078,0,123,504
70979.116,152.0,45.47,-0.09,-1.2,106.59482753412856,108.35813645583453,-0.23876094348629356,0,123,505
70979.136,2355.0,48.4,2.09,-1.2,1562.5061193344047,1759.8929973902937,85.8851836997917,0,123,504
70981.422,1100.0,-35.589999999999996,1.2,1.2,894.3263995311939,-640.0387514138348,23.036661871692655,0,124,505
70986.937,984.0000000000001,-88.19000000000003,5.029999999999999,-2.4,30.960151372119068,-979.7214806909544,86.27449970726826,0,126,521
70989.915,1020.9999999999999,-88.04000000000003,5.260000000000001,2.4,34.77296904133737,-1016.1056874005897,93.60060179414025,0,127,524
70993.062,1010.9999999999999,-67.05000000000001,3.3200000000000003,-1.2,393.5552632246577,-929.4122902167404,58.54954809598199,0,128,529
70993.314,2145.0,-37.410000000000025,5.42,6.0,1696.174388020375,-1297.2923910527143,202.6077430416676,0,128,524
70993.733,1480.0,13.579999999999998,0.02,1.2,1438.6235840901252,347.5081530066528,0.5166174480989432,0,128,531
70996.144,279.0,-55.13,1.45,1.2,159.45778905228488,-228.83262497258588,7.059975829482775,0,129,524
70997.024,533.0,51.02000000000001,1.8500000000000003,-2.4,335.1083982928469,414.11989379075385,17.206828886737803,0,129,531
70998.829,991.9999999999999,-88.5,4.750000000000001,2.4,25.87834729513915,-988.2542123547155,82.14574185210671,0,130,537
71001.87,804.0000000000001,-82.32999999999998,4.369999999999999,-1.2,106.99573424707506,-794.4902997579651,61.26235747527285,0,131,540
71004.764,1031.0000000000002,-89.64999999999998,5.059999999999999,-1.2,6.273437463767898,-1026.9629107799963,90.93307354679023,0,132,544
71007.742,992.0,-92.20999999999998,4.34,-2.4,-38.14402429191895,-988.4197525223168,75.06947605078541,0,133,547
71011.852,2144.0,43.88,1.25,2.4,1545.0126705954772,1485.7605159109874,46.77111351409904,0,134,552
71013.699,993.0,-89.39,4.55,-1.2,10.538466033974052,-989.8144468030943,78.77373695296718,0,135,555
71020.786,142.0,44.15,-1.04,1.2,101.87087486360521,98.89227505887597,-2.5773607049282585,0,137,562
71022.632,975.0000000000001,-92.00999999999999,3.97,-2.4,-34.115016701398005,-972.0619691305321,67.50328736836255,0,138,573
71023.219,291.0,-20.129999999999985,-0.26,-2.4,273.2212142928235,-100.14701348278953,-1.3205115800220006,0,138,562
71025.966,974.0,-44.39,0.41,1.2,695.9974986109063,-681.3331818388581,6.969738352269764,0,139,577
71031.586,1023.9999999999999,-89.22000000000001,5.0600000000000005,1.2,13.88553793140412,-1019.9148344673988,90.31568119487216,0,141,586
71034.68,805.0000000000001,-76.48000000000003,6.639999999999999,-2.4,186.93436984702626,-777.4420625941382,93.08265509356438,0,142,591
71034.922,1786.0000000000002,-45.68000000000002,3.61,-1.2,1245.339835988367,-1275.2562775088743,112.45496687419634,0,142,586
71035.257,4012.000000000001,-5.920000000000001,-0.3699999999999999,-1.2,3990.5202950799,-413.7880381073823,-25.908185476364654,0,142,589
71040.5,1301.0000000000005,-90.67000000000002,5.339999999999999,-1.2,-15.147139159067532,-1295.265055176721,121.07849112597351,0,144,597
71043.478,981.0000000000001,-91.27999999999999,3.8900000000000006,1.2,-21.86344068557219,-978.4956808570845,66.55217881797225,0,145,601
71049.571,808.9999999999999,-75.24000000000001,6.610000000000001,-1.2,204.7394432555221,-777.103985164244,93.12441472175362,0,147,617
71049.98,1783.0,-25.420000000000012,2.51,-1.2,1608.8347574509405,-764.6192327993642,78.08426250586491,0,147,612
71050.378,508.00000000000006,22.69,0.66,1.2,468.6524630046429,195.94547092032158,5.851610504402189,0,147,617
71055.389,1012.0,-90.18,4.53,1.2,-3.169354813348411,-1008.8336509702025,79.92884248003813,0,149,621
71055.863,112.0,-33.76,11.4,8.8,91.27671042715833,-61.01219403004419,22.13762212246213,0,149,624
71058.369,1019.9999999999999,-90.09,4.890000000000001,-2.4,-1.5963798471916948,-1016.2861390686445,86.94788731378776,0,150,629
71059.396,512.0,33.53,1.5600000000000003,2.4,426.643329864984,282.71042659616046,13.938571502681818,0,150,629
71061.346,1019.9999999999999,-90.75000000000001,4.800000000000001,-1.2,-13.304562287655108,-1016.3356370345431,85.3514001989618,0,151,633
71061.535,223.99999999999997,-67.99000000000001,1.7300000000000002,-1.2,83.90985984419156,-207.5798747225529,6.762472262225764,0,151,632
71062.029,1355.0,-8.39,12.510000000000002,8.8,1308.6727120367984,-193.01459208055462,293.5065587243804,0,151,636
71062.039,3762.0000000000005,-7.480000000000007,-0.17,-1.2,3729.970328032731,-489.73539831234507,-11.16206232075701,0,151,634
71062.07,2786.0,-3.0799999999999748,11.49,8.8,2726.2233647823996,-146.69257500584473,554.9625696861788,0,151,632
71064.786,1421.0,-34.61,2.11,1.2,1168.7429650008132,-806.5628621927855,52.31855399846118,0,152,637
71070.28,980.0000000000001,-90.33999999999999,4.459999999999999,-1.2,-5.7977931152538735,-977.0152258076187,76.20783512920895,0,154,643
71076.277,415.0,-84.35000000000001,0.08,-1.2,40.8572755024266,-412.98347094918006,0.5794491233844247,0,156,652
71076.384,803.0,-72.42000000000003,5.75,1.2,241.31551366447752,-761.6452306000318,80.45101347449726,0,156,655
71076.404,222.99999999999997,-69.19999999999999,2.3000000000000003,-1.2,79.12505769046493,-208.29818450686494,8.94938973476082,0,156,657
71076.467,289.0,-59.98000000000005,0.20000000000000004,1.2,144.58647498850843,-250.22936193914188,1.0087982589996587,0,156,657
71076.635,1223.0,-42.31999999999998,1.8,-1.2,903.8352516291293,-823.0037048246829,38.4153583525509,0,156,658
71076.678,1091.0,-36.96,1.02,1.2,871.6313698603897,-655.8677963982435,19.421347095728674,0,156,647
71076.699,171.99999999999997,-34.46000000000001,4.580000000000001,-2.4,141.3648327290546,-97.0121188165364,13.73436821308616,0,156,647
71076.699,1423.0000000000002,-34.470000000000056,2.4599999999999995,-1.2,1172.0722814194553,-804.6397082126731,61.077877301177054,0,156,656
71076.719,870.0,-32.080000000000005,0.23,-2.4,737.1514663276288,-462.0557529909208,3.492394453663435,0,156,656
71076.761,1816.9999999999998,-26.850000000000023,3.1400000000000006,-2.4,1618.6790682040466,-819.4274132411825,99.5278282036889,0,156,657
71076.803,1505.0000000000002,-22.100000000000012,1.9599999999999997,2.4,1393.609777865899,-565.886249287356,51.47368166401185,0,156,652
71076.866,470.0,-14.50000000000003,-0.8200000000000001,-1.2,454.98279113179683,-117.66655036600612,-6.726269313957152,0,156,658
71076.886,1024.0,-11.97000000000003,-0.14,1.2,1001.731490421011,-212.3764595873431,-2.502101525857215,0,156,659
71076.961,2756.0,-3.0099999999999802,13.660000000000002,10.6,2674.3497411162457,-140.62477932455994,650.8564616191404,0,156,659
71076.971,2194.0000000000005,-1.86,0.6199999999999999,-2.4,2192.715639007162,-71.20741571778623,23.740901419476188,0,156,657
71077.013,2143.9999999999995,3.19,2.5300000000000002,1.2,2138.591218925543,119.19139405840632,94.64148095297217,0,156,659
71077.18,2093.0,23.430000000000003,1.8500000000000003,2.4,1919.4239514440962,831.8023937552313,67.56827928694601,0,156,658
71077.201,2216.0,25.99,6.110000000000001,4.8,1980.5819170276889,965.5664742708254,235.86575356997525,0,156,656
71077.222,600.0,28.510000000000005,2.18,2.4,526.8587043064883,286.1800100606803,22.82339891771731,0,156,652
71077.348,2201.0,43.71,1.33,1.2,1590.556641312554,1520.5001458205202,51.08695857363682,0,156,657
71077.348,3436.0000000000005,44.42,5.239999999999999,1.2,2443.832882674188,2394.8496632123656,313.8023775754256,0,156,656
71077.495,520.0,61.53,1.86,2.4,247.75263964378576,456.8739075518789,16.877859692913226,0,156,657
71082.213,1035.0,-87.17000000000003,5.33,2.4,50.87983279331623,-1029.2680587681225,96.14315271835684,0,158,663
71086.135,4781.0,26.94,3.64,-2.4,4253.574530282525,2161.696714881393,303.53258178124975,0,159,669
71088.223,1043.0,-82.04000000000005,7.169999999999999,1.2,143.3069783406195,-1024.8732046227249,130.18073745845555,0,160,669
71088.569,1803.0000000000002,-39.400000000000006,3.7900000000000005,2.4,1390.1916480908321,-1141.9162936696514,119.17784957894972,0,160,677
71088.651,1223.0,-29.009999999999994,2.24,2.4,1068.7391243387028,-592.6556370071786,47.80146474071737,0,160,672
71088.651,919.0000000000001,-28.610000000000014,0.7599999999999999,1.2,806.7185869162912,-440.0199225559396,12.189720162798539,0,160,676
71088.674,489.99999999999994,-26.800000000000022,-0.48000000000000004,1.2,437.3517030787845,-220.9222421239636,-4.1049663832376,0,160,669
71088.757,2312.0,-16.619999999999997,1.72,-1.2,2214.4129278583173,-660.9869240391874,69.39503716527706,0,160,663
71088.777,2302.0000000000005,-14.08,1.1999999999999997,1.2,2232.3513009739154,-559.899560560342,48.209450571487714,0,160,677
71088.924,1044.0,3.540000000000001,-0.68,-3.6,1041.9345952117808,64.45760987012562,-12.390150551672875,0,160,663
71089.176,3453.0,33.92,4.17,-2.4,2857.7744800336186,1921.793087809175,251.08832891525964,0,160,676
71089.261,2110.0,44.06999999999999,1.19,1.2,1515.688151411386,1467.2658951560284,43.82032157703657,0,160,669
71097.796,2252.0,-1.2799999999999851,1.38,-2.4,2250.7850403201674,-50.2913872669416,54.235400226325716,0,163,685
71100.219,808.9999999999999,-70.93000000000002,7.220000000000001,1.2,262.2231579105095,-758.5395581121173,101.67474728030437,0,164,686
71100.585,1818.0,-26.450000000000003,3.3900000000000006,1.2,1624.849739479888,-808.3505377163323,107.50224316662673,0,164,689
71100.627,1481.0000000000002,-20.60000000000001,1.09,1.2,1386.053317195019,-520.9831910036662,28.172976135328923,0,164,690
71100.67,2912.0,-15.519999999999964,1.52,-1.2,2804.832772930507,-778.903442676958,77.24340024199631,0,164,685
71100.837,2325.0,4.68,4.87,2.4,2308.882747133807,189.0133394540832,197.38140109002364,0,164,685
71100.983,2093.0,22.109999999999996,1.48,2.4,1938.4400847277893,787.5130284726085,54.05800501702757,0,164,690
71101.004,3314.9999999999995,24.22,4.250000000000001,4.8,3014.89040665515,1356.2106257456564,245.66964499774846,0,164,689
71101.193,143.0,47.02,4.6000000000000005,6.0,97.17522825891524,104.28062981717403,11.468446179026826,0,164,689
71101.214,2383.0,49.55,1.18,1.2,1545.7249333814245,1813.0127299341038,49.07414206972562,0,164,692
71101.277,531.0,57.21,2.16,1.2,287.36482835064413,446.0738904768988,20.013486997735242,0,164,692
71109.058,761.0000000000001,-80.68000000000004,3.2299999999999995,-1.2,123.04686447517314,-749.7612596888314,42.8779968357331,0,167,700
71109.163,1033.0,-68.74000000000001,3.17,1.2,373.99338093828555,-961.2257011066225,57.12357259864327,0,167,703
71109.404,161.0,-40.499999999999986,7.42,3.6,121.40018810074272,-103.68555586847609,20.79182130909666,0,167,706
71109.477,1631.0000000000002,-31.200000000000006,2.7299999999999995,1.2,1393.5157728958325,-843.9431502691682,77.68365210443453,0,167,702
71109.497,1830.0000000000002,-28.620000000000015,3.27,2.4,1603.7874505092277,-875.1396853441709,104.38555802800289,0,167,697
71109.519,1772.0,-25.360000000000017,2.35,-1.2,1599.8937256478632,-758.3170780338673,72.65862505427066,0,167,702
71109.583,1454.0,-18.399999999999988,0.1,1.2,1379.663619580571,-458.9530006948051,2.537707444016141,0,167,704
71109.603,4675.0,-15.139999999999986,1.75,-1.2,4510.628443688923,-1220.4398673691012,142.76754925592093,0,167,700
71109.646,1855.0000000000002,-10.079999999999997,-1.0499999999999998,-1.2,1826.0601649707185,-324.61325759773575,-33.992747739770685,0,167,706
71109.729,343.0,0.0,-0.18,-1.2,342.99830736423735,0.0,-1.0775645076566902,0,167,707
71109.75,329.0,1.8200000000000005,-0.37,2.4,328.8271745161205,10.44870723120808,-2.1245745318354863,0,167,704
71109.77,2324.0,5.070000000000001,4.93,-1.2,2306.343140140582,204.6184812507759,199.72129845638676,0,167,700
71109.823,2026.0,10.940000000000001,10.71,3.5,1954.5296342329007,377.7983925035007,376.5080125670295,0,167,707
71109.949,1510.0,25.97,13.65,12.3,1319.1826938581378,642.5535746639817,356.3452313581951,0,167,706
71110.107,3432.0000000000005,44.89,5.430000000000001,-3.6,2420.5341203065295,2411.257734479264,324.7687028422307,0,167,704
71110.252,1332.0000000000002,63.39,-0.5599999999999999,1.2,596.5944700971509,1190.8524491034068,-13.018552681399711,0,167,704
71112.791,4322.0,14.47,2.96,1.2,4179.3167632195145,1078.5104771090196,223.18275793266446,0,168,706
71117.907,1009.0,-90.41000000000004,4.53,-1.2,-7.197635923391765,-1005.822248326054,79.69189927110521,0,170,713
71126.863,192.0,-87.60000000000001,3.32,-1.2,8.026631469081899,-191.50962517291228,11.119202012293316,0,173,731
71130.302,1631.0,-32.97000000000005,2.73,-1.2,1366.7836629010244,-886.5825787948779,77.68365210443453,0,174,731
71135.776,1024.0,-85.69000000000003,5.2,-1.2,76.63971173229439,-1016.9017031529642,92.80776212252688,0,176,745
71138.755,1024.0,-88.17000000000003,5.08,-2.4,32.5720669611523,-1019.4575511206071,90.67172611709155,0,177,748
71144.71,1061.0,-90.33,5.35,1.2,-6.084266728849571,-1056.3604553689568,98.92709452451571,0,179,759
71150.708,1035.0,-85.17,5.46,2.4,86.75118460687631,-1026.6453656861622,98.48108998396657,0,181,771
71154.242,1369.0,-18.229999999999997,17.39,8.8,1240.854785914639,-408.6923621330543,409.15883640322335,0,182,775
71154.315,2543.0,-9.290000000000047,4.51,-8.4,2501.8749695896563,-409.2493820060001,199.9639464215064,0,182,777
71156.706,785.0,-79.94999999999997,4.26,1.2,136.60993519838547,-770.81934336709,58.31179551532575,0,183,783
71156.957,1218.0,-43.80999999999999,1.44,-1.2,878.6792238963286,-842.9175190366719,30.608456249985046,0,183,774
71157.252,2894.9999999999995,-13.750000000000025,-0.020000000000000004,2.4,2812.035120790406,-688.1006163627833,-1.01054561638273,0,183,777
71157.776,549.0,48.8,1.44,1.2,361.50630997158055,412.9453312240455,13.796422398392274,0,183,774
71157.818,972.0,53.88,1.9600000000000002,1.2,572.6377499308787,784.7068465645724,33.24413194512925,0,183,777
71160.733,103.0,47.040000000000006,-1.33,1.2,70.17431357781435,75.35814628053683,-2.3907118278439765,0,184,787
71160.754,2572.0,48.88000000000001,3.49,-1.2,1688.3086860372357,1933.9813850739824,156.56877989734355,0,184,785
71163.082,1809.9999999999998,-29.59000000000001,3.1500000000000004,-2.4,1571.5637642045142,-892.4097030639539,99.4598256415268,0,185,787
71163.585,533.0,31.91,1.7,1.2,452.2536015873295,281.61260108313024,15.812108097364034,0,185,788
71163.691,2093.0,43.85999999999999,0.89,1.2,1508.9442377573678,1450.0618527107158,32.510162288166654,0,185,785
71163.711,994.0000000000001,46.410000000000004,0.74,-2.4,685.2990217275955,719.8864126936022,12.837586935922259,0,185,777
71168.513,2153.0,-91.89999999999999,3.35,-2.4,-71.26111980140976,-2148.139296346473,125.81103408178456,0,187,791
71169.164,3802.0000000000005,-13.47000000000004,1.7499999999999998,-1.2,3695.690147433778,-885.2103701970427,116.10742722374574,0,187,785
71172.142,2629.0,-13.769999999999971,0.62,1.2,2553.290527030302,-625.7309309952253,28.447962548679534,0,188,801
71174.847,1773.0,-44.400000000000006,4.78,-1.2,1262.3542791452928,-1236.1886423873636,147.7440839968053,0,189,799
71175.162,2893.0,-8.950000000000019,0.08,-1.2,2857.773432976256,-450.0707601188576,4.039388708316001,0,189,807
71175.791,111.0,67.81,-0.8900000000000001,3.6,41.91733209235729,102.76655392970395,-1.7241414304761102,0,189,807
71177.803,1233.0,-45.41000000000004,1.63,-2.4,865.251215327126,-877.7238965585912,35.07272137908131,0,190,810
71178.664,2544.0,54.49999999999999,3.41,1.2,1474.6926885233097,2067.442899551976,151.31864230163504,0,190,810
71180.425,995.0000000000001,-92.00999999999999,4.989999999999999,-2.4,-34.766283961169236,-990.6189623896773,86.54696328312512,0,191,812
71186.402,1041.0,-88.95999999999998,5.05,1.2,18.821251141418475,-1036.7882888007612,91.63408051080813,0,193,822
71186.528,761.9999999999999,-73.45999999999998,4.390000000000001,2.4,216.29326510245278,-728.326266149726,58.327296420444505,0,193,824
71186.633,1082.0,-61.54,2.3000000000000003,-2.4,515.2064258346625,-950.4739957671532,43.42259952022963,0,193,823
71186.654,1134.0,-58.83999999999997,1.9100000000000001,1.2,586.4393110342854,-969.853810242918,37.79578324266463,0,193,824
71186.822,1154.0,-38.74999999999999,2.27,-2.4,899.2804479243512,-721.7488649085077,45.70833604780573,0,193,825
71186.895,1320.0,-29.899999999999984,17.72,12.3,1090.012557462479,-626.7850199460445,401.76257086162553,0,193,821
71186.906,1210.0,-28.929999999999993,2.17,1.2,1058.2463117351524,-584.9065084513926,45.81615512182862,0,193,822
71186.906,1830.9999999999998,-28.24000000000004,3.4600000000000004,-1.2,1610.1218458524188,-864.7875563923135,110.50395385600508,0,193,821
71186.917,1181.0,-27.3,17.87,10.6,998.8261162435073,-515.5326009756423,362.39967831277227,0,193,822
71186.97,1443.0,-20.920000000000034,1.17,2.4,1347.5962682300992,-515.136040174458,29.464520455797057,0,193,824
71187.022,3210.0,-14.860000000000008,11.610000000000001,10.6,3039.163058653152,-806.38723455664,646.0089247542278,0,193,819
71187.032,4662.0,-13.260000000000005,0.96,2.4,4537.070607071459,-1069.1741230565165,78.10890496319111,0,193,825
71187.053,2909.0000000000005,-10.770000000000007,0.84,2.4,2857.4515152572967,-543.537581107336,42.64663970078288,0,193,821
71187.115,1269.9999999999998,-3.6399999999999912,0.3400000000000001,-1.2,1267.4156488702044,-80.62739838256495,7.5362874797427954,0,193,821
71187.157,2250.0,3.2099999999999995,3.91,2.4,2241.2408647903985,125.69721475472387,153.426191364096,0,193,820
71187.263,4290.0,14.07,2.83,-1.2,4156.22256879908,1041.6577599711275,211.80904064063407,0,193,824
71187.263,4361.0,14.07,2.9,3.6,4224.75021915105,1058.8325761846738,220.63581167454674,0,193,820
71187.304,2113.0,19.12,2.87,-2.4,1993.9314738099686,691.2402460680029,105.79792042310905,0,193,820
71187.325,2093.0,21.66,1.9899999999999998,-1.2,1944.0411153391071,772.0562297448429,72.67957060452565,0,193,822
71187.388,3365.0,29.589999999999996,2.86,1.2,2922.4957867831818,1659.534061991414,167.8989973907825,0,193,825
71187.493,103.0,41.919999999999995,1.98,2.4,76.59431540319717,68.77242461851023,3.558716061570644,0,193,822
71187.514,2111.0,44.760000000000005,1.25,-2.4,1498.5852110378576,1486.082988995757,46.051222307958525,0,193,819
71187.556,2893.0,49.88,4.65,3.6,1858.0859372679074,2204.9853614343706,234.53188607816546,0,193,824
71187.556,513.0,49.55,0.32,-1.2,332.8211148675802,390.37276621123493,2.865117604834923,0,193,824
71187.577,2524.0000000000005,52.11,2.849999999999999,-2.4,1548.1909271227246,1989.4550559149443,125.49674764449242,0,193,824
71187.619,194.00000000000003,57.48,0.48999999999999994,-2.4,104.28941719380657,163.5755632193727,1.6590897628444032,0,193,817
71201.272,1031.0,-91.37999999999998,4.98,-1.2,-24.736063713294932,-1026.810132195024,89.49904789219481,0,198,845
71204.606,248.00000000000003,-48.61000000000004,2.2399999999999998,-1.2,163.84757609688108,-185.91399625478564,9.693183365247675,0,199,845
71204.837,3627.0,-20.769999999999996,5.6,10.8,3375.1013898393385,-1280.0589495102922,353.9331774264351,0,199,850
71208.381,2383.0000000000005,47.67000000000001,1.1899999999999997,-1.2,1604.3653653345118,1761.3209582218324,49.48996507965789,0,200,855
71210.332,804.0,-75.22000000000001,4.43,-1.2,204.4942704671447,-775.0751298718028,62.10182284215435,0,201,855
71210.772,1472.0000000000002,-23.12,2.0499999999999994,1.2,1352.9091403334562,-577.6229070105427,52.65581923091459,0,201,855
71211.349,1860.9999999999998,45.3,10.21,3.6,1288.288837941082,1301.8509018423267,329.87436912972964,0,201,860
71213.582,1252.0,-42.58000000000001,1.8300000000000003,2.4,921.4191273175691,-846.6949111099035,39.98148713995266,0,202,864
71214.4,2133.0,56.309999999999995,2.79,-1.2,1181.7709499371426,1772.660951438817,103.82472310914982,0,202,864
71214.484,469.00000000000006,66.5,3.709999999999999,-2.4,186.62139701706568,429.1998290845171,30.347337432139213,0,202,855
71216.56,1214.0,-42.95999999999999,1.22,1.2,888.2397940001129,-827.1384171847105,25.847769184377135,0,203,867
71216.854,2235.9999999999995,-7.600000000000052,4.810000000000001,-3.6,2208.552466201233,-294.68381498449594,187.49254177868673,0,203,866
71222.118,982.9999999999999,-90.25999999999999,3.74,-1.2,-4.451197348956595,-980.8964280843188,64.12007652510424,0,205,874
71226.187,2092.0,41.29,0.94,-1.2,1571.6739854886596,1380.2633879738444,34.32001103084936,0,206,874
71228.199,807.9999999999999,-74.77999999999999,5.030000000000001,-2.4,211.30412814559605,-776.6568057517361,70.84328837751296,0,207,879
71228.704,2301.0,-14.94,1.26,-1.2,2222.6801940896553,-593.0713635739285,50.59755438885425,0,207,884
71229.165,2383.0,41.07,1.19,2.4,1796.1740720372172,1565.247087937766,49.48996507965789,0,207,884
71229.332,512.0,61.09,3.26,-2.4,247.11826402820043,447.46935823319785,29.115923925897945,0,207,883
71232.268,2142.0,56.05,2.63,-2.4,1194.9810432055567,1774.9714912787867,98.2879012234993,0,208,882
71234.995,3313.9999999999995,25.69,4.070000000000001,2.4,2978.8885266011266,1433.0019493905663,235.21173254539195,0,209,882
71238.099,962.0,41.73,-0.1,-1.2,717.9296615699056,640.3266213248897,-1.6790058879941732,0,210,894
71241.056,2383.0,38.6,1.5600000000000003,1.2,1861.6730276792928,1486.1540531607086,64.87424978689604,0,211,898
71243.037,991.0000000000001,-82.0,6.699999999999999,2.4,136.9786353270844,-974.653634419844,115.62070046543917,0,212,900
71243.593,2313.0,-14.410000000000032,1.43,1.2,2239.5347249979113,-575.4314439447458,57.72234271229258,0,212,903
71243.95,4610.0,28.58,3.34,1.2,4041.3951274255846,2201.610436851745,268.58314981809895,0,212,899
71244.065,2629.0,42.64,17.57,8.8,1843.7351631087772,1697.7784770191543,793.61822766792,0,212,903
71244.264,457.0,67.47,3.42,-1.2,174.79551998565623,421.3695477058642,27.26225337530801,0,212,902
71246.277,1223.0,-47.73000000000005,1.54,-1.2,822.3234348107362,-904.6727962298203,32.867922398455015,0,213,906
71247.107,100.0,50.89,11.99,-1.7,61.70493854447604,75.90083964291952,20.774096868991705,0,213,903
71247.116,112.99999999999999,51.57999999999999,6.840000000000001,-3.6,69.72081941592371,87.90273112233709,13.45797909072028,0,213,906
71247.18,1125.0,59.61999999999999,2.76,1.2,568.2892590965238,969.4007245310612,54.1715171854884,0,213,902
71249.529,1135.0,-16.38000000000001,-0.25,2.4,1088.9227896955294,-320.07441673988404,-4.952356038187358,0,214,906
71250.001,2381.0,40.27,25.939999999999998,10.6,1633.689661022078,1383.9996319947977,1041.5200958732541,0,214,906
71250.032,1684.9999999999998,44.480000000000004,0.6900000000000002,-1.2,1202.1520132432306,1180.526911524571,20.2915800642718,0,214,908
71252.569,2089.0,-7.60000000000005,5.44,-3.6,2061.323104854861,-275.0392239941333,198.0441432010054,0,215,906
71253.009,1688.9999999999998,44.040000000000006,0.7000000000000001,1.2,1214.0549121091494,1174.0382818284413,20.634514410732468,0,215,908
71253.093,489.00000000000006,54.690000000000005,1.38,2.4,282.56005033521313,398.9262180863554,11.776692145059181,0,215,911
71255.883,123.00000000000001,34.620000000000005,7.129999999999999,-7.2,100.43865028154296,69.33974076591798,15.266888358051286,0,216,906
71256.166,1853.9999999999998,65.0,9.480000000000002,10.8,772.833650525972,1657.3471119556125,305.3599500705518,0,216,913
71258.882,202.0,34.82,1.92,-4.8,165.73878732875457,115.27727881996515,6.76781816081644,0,217,906
71261.85,94.0,33.07000000000001,11.13,-5.3,77.29085332077105,50.327625680090065,18.14535991243475,0,218,921
71263.789,1308.9999999999998,-91.14999999999999,5.420000000000001,1.2,-26.154091185667852,-1302.8850496841917,123.64267395876124,0,219,925
71272.915,1003.9999999999999,-68.42000000000003,2.7300000000000004,-1.2,368.85208118141014,-932.5649531051779,47.81997959095786,0,222,939
71272.996,1074.0000000000002,-58.699999999999974,1.6399999999999995,-1.2,557.734972280801,-917.3128784716089,30.737333733844633,0,222,938
71273.29,1442.0000000000002,-23.239999999999988,1.5799999999999998,2.4,1324.4924898592383,-568.7730646930372,39.759843890113835,0,222,937
71273.374,3834.0,-12.720000000000036,0.71,-1.2,3739.6178475724455,-844.1310564751163,47.50908978116058,0,222,937
71273.395,1793.9999999999998,-10.889999999999999,6.500000000000001,-6.0,1750.3686942347845,-336.7510670456467,203.08656549962467,0,222,941
71273.437,4764.0,-5.8700000000000045,-0.21000000000000002,1.2,4738.988148303406,-487.21909451806494,-17.460932874644055,0,222,939
71273.73,543.0,29.86,1.49,2.4,470.7545633427729,270.2587375502555,14.119343812564354,0,222,939
71273.961,103.0,58.21000000000001,-0.41,-1.2,54.25977843314737,87.54617757050792,-0.7370462528580962,0,222,941
71278.7,1022.0,-88.63,5.02,-2.4,24.340998096677144,-1017.7888042225795,89.42855142978193,0,224,945
71281.658,982.0000000000001,-90.97000000000006,4.38,2.4,-16.57561376077882,-978.9917276050558,74.99630863797262,0,225,949
71285.181,1480.0000000000002,-25.790000000000042,3.2199999999999993,1.2,1330.4803254105702,-642.8928643856095,83.13163427630809,0,226,945
71288.663,4582.0,35.04999999999999,4.48,-1.2,3739.5990028988003,2623.361824377904,357.9050655061096,0,227,962
71296.548,1007.0,-90.75000000000001,4.87,1.2,-13.133636994703794,-1003.2786523144839,85.48949285920594,0,230,975
71300.648,1838.9999999999998,44.42000000000001,14.010000000000003,7.0,1274.395008297639,1248.8515389323418,445.2057912161322,0,231,982
71303.5,2156.0,29.330000000000002,10.96,5.3,1845.3445032257478,1036.8299104489406,409.9065762011626,0,232,986
71305.482,1022.0000000000001,-89.67000000000003,4.67,-1.2,5.86672339289214,-1018.590221472993,83.20782581122074,0,233,982
71306.111,2635.0,-14.490000000000027,0.51,2.4,2551.0830761104344,-659.2799365329472,23.45429743219184,0,233,986
71311.542,753.0,-77.70999999999997,3.9200000000000004,1.2,159.908484884967,-734.0220145578638,51.47774865132854,0,235,999
71312.078,1958.9999999999998,-14.27999999999999,7.090000000000001,8.4,1883.953940629685,-479.51354878598437,241.7960010350718,0,235,997
71312.151,100.0,-4.610000000000032,-1.12,2.4,99.65744340318572,-8.03575386015942,-1.954644274482103,0,235,998
71315.591,481.00000000000006,51.16,0.13999999999999999,1.2,301.65716201130533,374.64993696630114,1.1753035487669143,0,236,1003
71320.476,1052.0,-77.39999999999998,6.69,-2.4,227.92411445689572,-1019.6738726559292,122.55525885044567,0,238,1005
71321.013,1352.0,-14.189999999999996,8.65,-7.2,1295.8388886302305,-327.6570111271084,203.33828408054222,0,238,1013
71321.421,2383.0,36.84,1.49,-1.2,1906.500980702877,1428.3219125932565,61.963897431566956,0,238,1011
71321.672,1020.0,67.01,2.12,1.2,398.10919768842894,938.3417999659695,37.732388640264205,0,238,1012
71323.663,1660.0000000000002,-51.91000000000004,0.7699999999999999,1.2,1023.9590682669283,-1306.3729077045698,22.30812698170943,0,239,1015
71323.948,2168.0000000000005,-17.910000000000014,29.279999999999998,10.6,1799.379173851513,-581.5304707384375,1060.3211307486893,0,239,1012
71324.503,968.0000000000002,50.99999999999999,1.4099999999999997,1.2,608.9976844808098,752.0495089017822,23.819245529622293,0,239,1015
71324.589,1130.0,59.51,2.4100000000000006,-1.2,572.8412858955419,972.8797663976922,47.51653720037103,0,239,1012
71326.999,3800.0000000000005,-9.060000000000011,0.7299999999999999,2.4,3752.2865527398826,-598.3324316513192,48.41412357637521,0,240,1018
71327.261,1860.9999999999998,22.629999999999995,14.449999999999998,5.3,1663.3807794408522,693.420668241045,464.3847106041342,0,240,1011
71327.271,3269.0000000000005,24.06,3.84,3.6,2978.284665387275,1329.756608718017,218.9265024837516,0,240,1016
71327.292,4892.0,26.330000000000002,3.7900000000000005,2.4,4374.887352483779,2165.0549595275456,323.3599778925247,0,240,1017
71327.44,421.99999999999994,44.31000000000001,0.7000000000000001,2.4,301.9483525259269,294.7619589770272,5.155574352474305,0,240,1016
71327.481,2383.0,49.08,1.26,1.2,1560.4985881252871,1800.2186880643633,52.40068322843967,0,240,1012
71327.523,972.0000000000001,54.18,1.7699999999999998,1.2,568.5825955917999,787.7794599212983,30.022566782329104,0,240,1016
71327.523,2580.0,54.19,3.84,-1.2,1506.1669786378393,2087.5839568101974,172.783841054781,0,240,1012
71333.332,2369.0,37.25,1.31,-1.2,1885.2358793970175,1433.566674717179,54.15965449007781,0,242,1025
71336.175,1014.0000000000001,20.35,21.599999999999998,7.0,883.9496815353621,327.86014386263076,373.27829642226345,0,243,1030
71336.541,462.99999999999994,65.4,3.810000000000001,-2.4,192.31203387192295,420.0459128828957,30.7654465012148,0,243,1027
71338.219,1024.0,-91.44000000000003,4.78,2.4,-25.6437177986998,-1020.1162703740976,85.32991653284186,0,244,1032
71341.723,1253.0,-28.209999999999987,2.66,2.4,1102.980143498459,-591.6606400936034,58.15058049706965,0,245,1034
71341.805,1473.0,-18.690000000000023,0.59,2.4,1395.2491657879884,-471.99438687689707,15.16786486702446,0,245,1032
71342.12,543.0000000000001,19.189999999999998,0.9299999999999998,1.2,512.7599741620305,178.46157496324963,8.81335117820286,0,245,1039
71342.161,3293.0,25.01,4.07,-3.6,2976.702623634513,1388.6917821980317,233.7212538539456,0,245,1034
71342.351,2497.9999999999995,49.24,2.4300000000000006,2.4,1629.4575418303702,1890.411259856602,105.91217106404909,0,245,1034
71342.392,480.00000000000006,52.16,0.32999999999999996,2.4,294.45521349946983,379.06263902664773,2.7645862502383474,0,245,1038
71342.455,1023.0000000000001,60.56,2.31,-1.2,502.40802752841194,890.1769458423281,41.23322647859865,0,245,1034
71342.455,513.0,60.55,2.55,-1.2,251.97379421428937,446.2704030078607,22.823988005092144,0,245,1037
71342.475,1360.0,62.39,-0.57,1.2,630.2617618289195,1205.0672439054545,-13.529569188189125,0,245,1038
71348.244,2343.0,39.68,0.81,1.2,1803.0452782473678,1495.8541503889455,33.1222788171107,0,247,1034
71354.178,304.0,37.35,0.62,2.4,241.6489348062009,184.42063681643648,3.2895323753513037,0,249,1058
71356.086,1314.0,-90.92,5.430000000000001,-2.4,-21.00335333630465,-1307.9348654724433,124.34326210218272,0,250,1060
71356.685,983.9999999999999,-18.92000000000001,12.300000000000002,-7.0,909.4698557448882,-311.7358505082652,209.62190009457697,0,250,1062
71357.357,111.99999999999999,61.24000000000001,7.000000000000002,-1.2,53.486207198619354,97.45214433099667,13.649366461376518,0,250,1061
71359.359,1612.0,-55.010000000000005,1.86,2.4,923.8876998560207,-1319.9386322152488,52.321365048031,0,251,1066
71359.716,482.0,-12.16000000000002,-0.8,1.2,471.13952764724763,-101.51973045495168,-6.729770923468021,0,251,1061
71360.219,122.99999999999999,48.18,-1.02,-1.2,82.00249993682026,91.65039971527045,-2.1895744205083654,0,251,1066
71360.24,3606.0,50.39,6.29,6.0,2285.195823908225,2761.345816854972,395.07635480999903,0,251,1061
71362.378,1673.0,-50.52999999999998,0.21000000000000002,1.2,1063.475645192302,-1291.4762686474749,6.131851532174538,0,252,1066
71362.641,939.0000000000001,-18.990000000000002,12.879999999999999,-7.0,865.555008536763,-297.86552173411553,209.3123459306388,0,252,1066
71362.672,2633.0,-14.600000000000021,0.9,-1.2,2547.6639081260532,-663.6167414024131,41.357366482023835,0,252,1061
71363.196,2900.9999999999995,48.01,4.620000000000001,3.6,1934.4656800162204,2149.196018522143,233.66644347862572,0,252,1066
71363.239,513.0,58.49,1.77,1.2,267.9901738942525,437.14893909517,15.845243579562583,0,252,1061
71371.082,1040.0,-77.48000000000003,6.91,-1.2,223.8140084852763,-1007.8946607046017,125.12251008075405,0,255,1083
71371.439,1123.0,-35.300000000000004,1.14,-2.4,916.3411028125021,-648.8056661428689,22.342579915395785,0,255,1088
71371.596,978.9999999999999,-15.710000000000006,12.110000000000001,-8.8,921.4567541267314,-259.1833521908741,205.38364156214965,0,255,1086
71371.596,791.0,-16.180000000000025,22.250000000000004,10.6,703.1046990615515,-204.00467959383633,299.5110563257745,0,255,1087
71371.606,2662.0,-14.339999999999986,0.55,-1.2,2578.941393775423,-659.281679584337,25.552973136909177,0,255,1085
71371.628,490.99999999999994,-12.529999999999998,-0.76,2.4,479.26346439705793,-106.51345782521567,-6.512679651723702,0,255,1083
71371.67,2681.9999999999995,-7.160000000000028,6.450000000000001,12.0,2644.2416881484555,-332.1700840843044,301.2854624724383,0,255,1088
71371.754,2195.0,3.0100000000000002,3.7800000000000002,-2.4,2187.2032018487935,115.00925360255273,144.7066875032744,0,255,1082
71371.795,1225.0,7.72,0.03,-1.2,1213.8968860429757,164.556794603992,0.6414084708002861,0,255,1085
71371.795,4698.0,8.44,0.06,-1.2,4647.118613200135,689.5421604761596,4.919733196339641,0,255,1083
71371.816,1292.0,10.25,0.06,1.2,1271.3798842466615,229.90293469375618,1.3529789888613915,0,255,1082
71371.921,3273.0,23.34,3.9,-2.4,2998.211321252117,1293.7159114289707,222.61404634735726,0,255,1088
71372.026,3412.9999999999995,35.58,4.52,1.2,2767.173172446666,1979.6407613239826,268.9685665576115,0,255,1086
71372.068,424.0,41.080000000000005,1.32,-2.4,319.5233382600187,278.5416204241369,9.767394671545041,0,255,1085
71372.194,2513.0,55.970000000000006,2.27,-1.2,1405.2388269289768,2081.0010420390995,99.53643716476239,0,255,1085
71372.277,1020.0000000000001,66.14000000000001,2.78,1.2,412.1077134333646,931.7294880109686,49.47114006713835,0,255,1081
71377.018,763.9999999999999,-80.27999999999996,3.81,-2.4,128.70367192951534,-751.3681831760208,50.766309129434354,0,257,1090
71380.436,1792.0000000000002,-27.42000000000004,2.8699999999999997,-1.2,1588.6820368827605,-824.1982343566166,89.72544883966465,0,258,1090
71380.603,193.99999999999997,-7.1399999999999775,5.080000000000001,7.2,191.73949268256925,-24.018364299373403,17.17804186202711,0,258,1095
71381.148,3802.9999999999995,59.19,4.660000000000001,9.6,1941.4301411479441,3255.4873697363078,308.9660054595756,0,258,1090
71387.168,422.0,66.93,3.4800000000000004,2.4,165.05807647198057,387.5353920059045,25.615451083276778,0,260,1103
71389.852,2819.0,31.580000000000002,4.95,6.0,2392.5768753966086,1470.7721041102595,243.24126518434602,0,261,1112
71390.136,112.00000000000001,64.97,10.490000000000002,-1.2,46.59440451650386,99.78558080025637,20.391158184564063,0,261,1103
71392.935,2110.0,43.99,1.16,-1.2,1517.7516624168659,1465.1639004006547,42.71576048229915,0,262,1115
71395.756,2059.0,25.46,11.34,5.3,1822.7485790052128,867.8449704199047,404.8626002131499,0,263,1115
71400.737,971.0,-91.25999999999999,3.6199999999999997,2.4,-21.309082229395973,-968.8282968211414,61.307864855881505,0,265,1128
71403.925,1073.0,-66.26000000000002,4.14,2.4,430.8485910574197,-979.6416860828107,77.46391723030942,0,266,1126
71404.271,665.0,-24.589999999999957,18.41,-7.0,573.7428160502491,-262.5588527771987,210.0167370926695,0,266,1134
71404.313,2410.0,-19.490000000000023,22.900000000000002,12.3,2092.846987376997,-740.7049374560878,937.788719837897,0,266,1131
71404.827,111.99999999999999,42.62,-0.94,-2.4,82.4053146660454,75.82867581110145,-1.837400208152547,0,266,1132
71404.91,481.99999999999994,54.43,1.22,1.2,280.3144689207501,391.9725506423271,10.262458605329307,0,266,1134
71404.93,198.0,57.09,0.04,-1.2,107.57752841561143,166.22591937612287,0.1382300655293407,0,266,1132
71404.952,3995.9999999999995,57.6,5.090000000000001,2.4,2132.720332654462,3360.6295000918985,354.52693239627604,0,266,1133
71413.53,2093.0,14.739999999999998,3.5,2.4,2020.344732700579,531.5353368965489,127.77459324645544,0,269,1149
71413.865,3786.0000000000005,55.46,2.4999999999999996,-3.6,2144.548680396716,3115.6756485187993,165.14300056516208,0,269,1146
71413.918,112.00000000000001,60.94,11.289999999999997,-1.2,53.348501702551175,96.00600423176624,21.926799071979936,0,269,1149
71415.627,972.0000000000001,-91.03,3.939999999999999,1.2,-17.431301631061043,-969.5460440941604,66.78785896262522,0,270,1155
71416.194,1444.0,-23.09,1.54,-2.4,1327.8413198091562,-566.098424231717,38.807260787709765,0,270,1154
71421.919,1233.0,-50.72000000000001,1.17,-2.4,780.4627577828002,-954.218541698289,25.176544505888963,0,272,1154
71422.128,2052.0,-25.670000000000044,6.65,15.7,1837.0326142467,-882.919736076232,237.6297831523055,0,272,1162
71430.517,999.0,-85.21000000000001,5.44,-2.4,83.0446935993559,-991.0271817835636,94.70852037233337,0,275,1177
71433.852,972.0,-47.99000000000003,0.45,-1.2,650.5009474235052,-722.2009689639018,7.633991663827417,0,276,1177
71439.472,1042.0,-87.85000000000005,5.37,-2.4,38.919867375994514,-1036.6964579453636,97.51768048396217,0,278,1193
71445.407,1310.0,-90.25,5.42,1.2,-5.690379525291466,-1304.1306461754195,123.7371297830231,0,280,1205
71449.371,4891.0,29.12,3.38,-2.4,4265.356721490913,2376.0176167503746,288.36317955689,0,281,1205
71454.466,1049.0,-74.04000000000003,5.7,-2.4,287.01337615591933,-1003.5783538518751,104.18641748107733,0,283,1220
71454.635,1614.0000000000002,-52.29000000000002,1.2,2.4,987.010997134414,-1276.5824609063973,33.80106569173813,0,283,1221
71454.97,442.00000000000006,-14.239999999999991,-1.2499999999999998,1.2,428.3170925738837,-108.69911034417069,-9.642179185276015,0,283,1224
71454.991,1860.0,-11.490000000000013,-0.11,-2.4,1822.7212847309354,-370.5055553779543,-3.570941455907994,0,283,1224
71455.012,574.0,-8.470000000000047,-1.16,-1.2,567.6230989359954,-84.52801922040948,-11.620306406085172,0,283,1222
71455.054,4435.0,-3.679999999999988,-0.19,1.2,4425.831065468686,-284.65432436172404,-14.706989987196824,0,283,1220
71455.243,2084.0,18.929999999999996,4.1,2.4,1966.2432110642037,674.3459305835977,149.00067398931745,0,283,1222
71455.254,2530.0,19.27,8.67,3.6,2360.963220383121,825.4100150263619,381.3803601292844,0,283,1220
71455.495,524.9999999999999,48.94,1.0900000000000003,-1.2,344.7833238484226,395.78999298117003,9.987044207324567,0,283,1222
71457.634,3682.0000000000005,-51.480000000000025,1.35,2.4,2292.4681112111525,-2879.9633517949383,86.74705411735259,0,284,1226
71460.276,1014.0,-91.52999999999997,4.87,1.2,-26.97642824731007,-1009.9791377445152,86.08375944313289,0,285,1229
71466.232,997.0000000000001,-91.92000000000004,4.789999999999999,2.4,-33.2868745765967,-992.9601471311219,83.25340948131173,0,287,1239
71472.691,1634.9999999999998,-31.230000000000004,3.6600000000000015,1.2,1395.2254193334686,-845.9773490609427,104.3712322508756,0,289,1243
71472.922,160.0,-3.6100000000000443,-0.51,1.2,159.67619481391105,-10.073954037570806,-1.4241698630552921,0,289,1244
71472.944,2251.0,-1.0499999999999996,1.26,2.4,2250.0778314458034,-41.23944664575594,49.498085584228996,0,289,1248
71472.964,2243.0,1.51,3.73,2.4,2237.4713841924527,58.98103217079995,145.9179316053235,0,289,1249
71472.985,2271.0,4.049999999999999,4.06,1.2,2259.6439048133325,159.99136929546825,160.78925707557823,0,289,1250
71473.006,112.99999999999999,6.970000000000001,1.86,6.0,112.10581280971498,13.705283418177828,3.6676887409599894,0,289,1243
71473.353,1864.0000000000002,48.77000000000001,15.290000000000003,-1.7,1185.0455727666492,1352.2373882214897,491.54555878584546,0,289,1243
71473.396,180.00000000000003,53.64000000000001,24.059999999999995,1.7,97.4427912937567,132.36155099514127,73.38475484078415,0,289,1249
71473.426,2140.0,57.59,2.6,-2.4,1145.803939977327,1804.8017694703435,97.0767945966031,0,289,1244
71473.446,2163.0000000000005,59.9,4.12,7.2,1081.9644295902099,1866.4865852477951,155.40205980474838,0,289,1243
71473.457,2083.0,60.28,9.83,-3.6,1017.5109026848113,1782.4405209730453,355.62107939614464,0,289,1249
71473.5,1555.9999999999998,66.36,17.660000000000004,8.8,594.5343516218065,1358.2498704554203,472.040458170136,0,289,1250
71475.607,1433.0000000000002,-36.69000000000002,1.9199999999999995,1.2,1148.448827787109,-855.7156096711194,48.01130408143544,0,290,1249
71475.837,1852.9999999999998,-10.970000000000045,-0.7000000000000001,-2.4,1819.0042868733342,-352.59030141152755,-22.638102547713004,0,290,1254
71476.195,3438.9999999999995,32.74,3.7500000000000004,-2.4,2886.4644220933865,1855.9241690233353,224.92136142246198,0,290,1244
71476.215,3102.0,34.959999999999994,2.9400000000000004,-2.4,2538.9050336984465,1775.1202082974546,159.10209286710472,0,290,1243
71476.403,2572.9999999999995,57.43,4.400000000000001,12.0,1381.0397734858097,2161.9648818163305,197.39805937030437,0,290,1255
71476.425,1030.0,60.690000000000005,2.29,-1.2,503.8180099672725,897.4260897078473,41.15612158962818,0,290,1255
71476.478,2533.0,65.09,8.73,4.8,1054.5243579468,2270.7404130047626,384.4546205260788,0,290,1248
71478.816,1852.0,-10.540000000000022,-1.07,-2.4,1820.4345351700927,-338.71232772865267,-34.5841322673628,0,291,1249
71478.921,328.0,1.6900000000000004,-0.67,2.4,327.8349116207067,9.672644939372733,-3.8354481511607066,0,291,1256
71479.132,3353.0000000000005,27.739999999999995,4.079999999999999,3.6,2960.1150442017324,1556.7322777233244,238.56349382277537,0,291,1255
71479.277,3402.9999999999995,45.1,5.500000000000001,-2.4,2391.0222507966637,2399.383093863138,326.1630958263222,0,291,1256
71479.34,519.0,52.45,1.6800000000000002,-1.2,316.17041848780406,411.29764054755776,15.215694307486505,0,291,1243
71481.584,1114.0,-35.55999999999999,1.77,1.2,905.81435743774,-647.5433572416933,34.408579625015044,0,292,1257
71481.877,630.0,-0.36000000000004256,-0.74,-1.2,629.9350214297344,-3.9580505571203157,-8.136498762204248,0,292,1254
71482.15,4692.0,32.190000000000005,4.54,-3.6,3958.3156158590405,2491.7196572689872,371.395523432614,0,292,1256
71482.193,312.0,37.96,1.72,2.4,245.88256292902022,191.82822293192285,9.364728198774413,0,292,1248
71482.381,521.0,60.900000000000006,1.5000000000000002,2.4,253.2939059516957,455.0793304242587,13.638190068401913,0,292,1249
71488.274,490.99999999999994,53.1,0.6800000000000002,-1.2,294.78556839187564,392.6175146055951,5.827168506581783,0,294,1263
71490.056,1019.0000000000001,-91.0,4.799999999999999,-1.2,-17.721631160911077,-1015.2715692430671,85.26772235562947,0,295,1265
71494.062,530.0,32.660000000000004,2.25,1.2,445.85649552598437,285.7954249460717,20.807702352306364,0,296,1265
71498.991,1003.0,-90.63000000000002,4.010000000000001,-2.4,-11.001339867003228,-1000.4840322112243,70.14037219391282,0,298,1280
71502.283,3662.0000000000005,-51.94999999999999,1.2999999999999998,1.2,2256.488759431483,-2882.9845687092443,83.08101554352533,0,299,1280
71502.64,2905.0000000000005,-9.89000000000001,0.6199999999999999,2.4,2861.662168817069,-498.92534816011994,31.43451167893269,0,299,1285
71503.268,1020.0000000000001,66.21,2.3399999999999994,1.2,411.11021482577564,932.5524151645349,41.64593901808019,0,299,1280
71507.945,951.9999999999999,-87.72000000000006,3.86,1.2,37.78750606788659,-949.0884584822828,64.08745868649652,0,301,1293
71508.176,1093.0,-59.949999999999996,2.38,-1.2,546.8536956660432,-945.2723861299322,45.38889243653,0,301,1298
71508.219,1602.0,-54.48000000000003,1.46,3.6,930.4391753134682,-1303.4649507570678,40.81743732607456,0,301,1297
71508.239,1682.0,-52.44000000000001,1.5600000000000003,-1.2,1024.9535384918252,-1332.8531369015318,45.79038528810707,0,301,1295
71508.512,451.0,-19.750000000000007,-0.24,-2.4,424.46665901517116,-152.39910281518738,-1.88913885788715,0,301,1296
71508.555,4663.0,-13.970000000000011,0.77,1.2,4524.6703878052695,-1125.610973132339,62.6643350094645,0,301,1293
71508.617,2131.0,-6.410000000000022,-0.41,-1.2,2117.623725997869,-237.90381147608704,-15.248986066413622,0,301,1296
71508.638,2125.0,-4.610000000000032,-0.5,1.2,2118.044688360848,-170.785896158578,-18.543887934044612,0,301,1293
71508.659,2194.0,-1.0100000000000022,0.53,1.2,2193.5652750123636,-38.67179148055304,20.294748178252554,0,301,1295
71508.68,2241.0,0.4599999999999999,1.57,-1.2,2240.086526941136,17.984953716013234,61.39945648481534,0,301,1298
71508.859,2274.0,22.319999999999997,11.66,5.3,2060.2154544960836,845.7961736685332,459.58363076067565,0,301,1296
71508.869,3286.0,23.249999999999996,3.6500000000000004,2.4,3013.023736070895,1294.4971564989278,209.19148570048003,0,301,1296
71509.036,421.00000000000006,44.27000000000001,1.21,2.4,301.3933330593321,293.80950079948553,8.890220882723442,0,301,1295
71511.258,280.0,-47.059999999999995,-1.14,-1.2,190.7072371515645,-204.93832423155112,-5.570723398317738,0,302,1299
71512.078,103.99999999999999,51.29,-0.7700000000000001,-1.2,65.03352797295038,81.14608372837425,-1.3976175940348077,0,302,1293
71514.258,1233.0,-43.14999999999997,1.59,2.4,899.2081921337915,-842.9372148237065,34.21226482901383,0,303,1302
71514.992,94.0,44.45,1.3300000000000003,-1.2,67.08493459740671,65.8092032680326,2.1818146778381924,0,303,1293
71515.003,2104.0,44.46,9.31,-2.4,1481.9268672133521,1454.2532026131826,340.3768248875377,0,303,1302
71515.014,102.00000000000001,46.27,1.09,1.2,70.49584911854903,73.69240352757913,1.9403400174230587,0,303,1295
71517.153,1653.0000000000002,-54.49999999999998,1.5299999999999998,-2.4,959.5597631921892,-1345.2531734554054,44.13570176977763,0,304,1305
71517.982,1589.0000000000002,45.49,11.6,-3.5,1091.1906119593,1110.0160396749777,319.5128167009379,0,304,1295
71518.054,970.9999999999998,54.03,1.5200000000000005,1.2,570.1274025744101,785.5777111300466,25.756642044978854,0,304,1305
71518.075,2964.9999999999995,56.59,6.630000000000001,9.6,1621.6892489519664,2458.4870576526973,342.3307862109233,0,304,1293
71519.816,1021.0,-92.23000000000003,4.8,-1.2,-39.58881578373144,-1016.6486969965333,85.43507804229411,0,305,1302
71519.9,773.0,-81.49999999999999,2.85,2.4,114.11535387144987,-763.5636619447488,38.43462200047252,0,305,1306
71519.911,1040.0,-81.45999999999998,7.42,2.4,153.14657497489355,-1019.8566782991799,134.30741715192875,0,305,1306
71519.942,1051.0,-76.41000000000004,6.23,-1.2,245.49761277610523,-1015.5409977208471,114.05439083779224,0,305,1309
71520.026,1083.0,-66.98000000000002,4.24,-2.4,422.35067038817306,-994.0309588233644,80.07099426985852,0,305,1293
71520.026,1019.0,-66.29,2.71,1.2,409.2893817694404,-931.9452633959963,48.17912415721366,0,305,1293
71520.088,1081.0,-59.43000000000003,1.7800000000000002,2.4,549.5212143463948,-930.3010057645147,33.57787451277848,0,305,1306
71520.13,3683.9999999999995,-54.06000000000001,1.3500000000000003,2.4,2161.6784124366413,-2981.856672046182,86.7941736470198,0,305,1306
71520.194,1765.0,-41.610000000000014,2.8,-1.2,1318.0835950457854,-1170.6608283466985,86.2198436892574,0,305,1302
71520.194,1770.9999999999998,-46.379999999999974,3.22,1.2,1219.8349186571306,-1280.0578407277958,99.47711101577137,0,305,1307
71520.215,1219.0,-43.14999999999997,1.29,1.2,889.115224632029,-833.4758487133142,27.443158330576615,0,305,1310
71520.235,1722.9999999999998,-42.07999999999999,2.3500000000000005,1.2,1277.7520149811219,-1153.7276301524307,70.64944185581734,0,305,1307
71520.278,2033.9999999999998,-36.660000000000025,3.0500000000000003,-1.2,1629.3486161966841,-1212.7104694431916,108.22386151317954,0,305,1308
71520.318,1223.0000000000002,-32.02,2.0999999999999996,2.4,1036.2401188635129,-648.0177535453514,44.815255748118325,0,305,1305
71520.34,1480.9999999999998,-29.230000000000032,2.7700000000000005,-2.4,1290.9090177883559,-722.3519641847805,71.57197517947318,0,305,1302
71520.34,1791.0000000000002,-28.740000000000013,3.17,2.4,1567.9650570457231,-859.8590922741911,99.03999857131666,0,305,1302
71520.404,1481.9999999999998,-21.05000000000003,1.4900000000000004,2.4,1382.6345353836712,-532.1285031678699,38.53566764313145,0,305,1308
71520.425,288.99999999999994,-19.24000000000004,-0.5500000000000002,2.4,272.845780927719,-95.22858749345745,-2.774158240633641,0,305,1293
71520.465,2650.0,-13.579999999999984,0.43999999999999995,-1.2,2575.8380513086963,-622.2091265246928,20.350339053624136,0,305,1293
71520.487,1859.9999999999998,-11.650000000000004,-0.20000000000000004,-2.4,1821.6717913354537,-375.59250611117176,-6.492611632316142,0,305,1302
71520.498,2325.0,-10.910000000000048,8.4,13.3,2258.4862197091306,-435.32470617614837,339.64304140760703,0,305,1310
71520.508,302.99999999999994,-9.140000000000006,-0.23000000000000007,4.8,299.1504444342826,-48.13036638633846,-1.2163166890345065,0,305,1308
71520.55,4789.0,-4.110000000000013,-0.46,1.2,4776.530131763185,-343.22389288115704,-38.4481431784887,0,305,1308
71520.55,130.99999999999997,-3.819999999999981,-0.9200000000000003,1.2,130.69210397066107,-8.72638244077471,-2.1033804266587297,0,305,1310
71520.592,2204.0000000000005,0.92,1.9599999999999997,2.4,2202.4265908792963,35.36746752966281,75.3807271677622,0,305,1302
71520.613,2316.0,3.8600000000000008,4.75,3.6,2302.809946726539,155.37477278136046,191.78380859826527,0,305,1302
71520.613,2281.0,3.4300000000000006,4.47,1.2,2269.9881653185175,136.054942192192,177.77452578744175,0,305,1295
71520.634,2111.0,5.949999999999999,3.31,-1.2,2096.1247895961014,218.46234107757212,121.88548712461828,0,305,1293
71520.644,1561.9999999999998,7.600000000000001,12.290000000000001,10.6,1512.7963695246237,201.85013138175069,332.48709571092775,0,305,1305
71520.655,364.0,8.810000000000002,-0.88,-2.4,359.6629805293158,55.743050272876346,-5.590418861282863,0,305,1309
71520.676,4283.0,13.110000000000001,2.85,1.2,4166.210124859635,970.2740144795678,212.95664427946159,0,305,1302
71520.697,4343.0,13.57,2.99,-2.4,4216.0134799677435,1017.6246004396755,226.53809681875666,0,305,1308
71520.749,1721.9999999999998,20.03,18.81,10.6,1531.4380000310052,558.3061056139669,555.2260300951319,0,305,1307
71520.781,3294.0,24.080000000000002,4.1,2.4,2999.648655401923,1340.5512925802307,235.5125816318674,0,305,1302
71520.801,3332.0000000000005,26.96,4.129999999999999,3.6,2962.176898727886,1506.7005684854003,239.96961801156587,0,305,1310
71520.845,532.0,31.490000000000002,1.59,-2.4,453.4784066561872,277.7830681030088,14.76149626036931,0,305,1309
71520.865,3375.0,33.83,3.73,-1.2,2797.6502798355286,1874.9856879575082,219.5599728791649,0,305,1309
71520.928,2091.0,42.14,0.99,-1.2,1550.2609728436641,1402.73542669173,36.128088543201315,0,305,1302
71520.969,141.0,46.86000000000001,1.9899999999999998,2.4,96.35530660197739,102.8235467893131,4.896234809000533,0,305,1309
71521.002,2589.0,49.57,7.88,6.0,1663.1602369517188,1952.1348336256333,354.948753439314,0,305,1302
71521.032,500.99999999999994,54.92000000000001,1.44,-1.2,287.8436012627665,409.86406116493663,12.590177817112075,0,305,1310
71521.095,2290.0,61.85999999999999,7.29,-1.2,1071.296933058648,2002.9940759114684,290.58150850096825,0,305,1306
71522.815,1031.0,-89.57,5.24,-1.2,7.7051596348724445,-1026.6624163860172,94.15897883593243,0,306,1309
71522.92,1027.0,-76.93,5.540000000000001,-1.2,231.1623026263914,-995.7222573639967,99.14724420986826,0,306,1310
71522.92,782.0,-76.60000000000004,5.11,2.4,180.50658076505164,-757.6873187580997,69.65128350340606,0,306,1310
71522.951,513.0,-72.56999999999998,11.68,8.8,150.48237775060352,-479.3102246123531,103.85452598986868,0,306,1307
71522.983,222.00000000000003,-68.68000000000002,2.41,-1.2,80.64257643999211,-206.62437086815498,9.335107308391477,0,306,1310
71522.983,1013.0000000000001,-68.68000000000002,2.74,-1.2,367.8818593695083,-942.595848268748,48.42524520694622,0,306,1295
71523.025,1614.0,-63.63999999999997,2.51,-1.2,715.9441889651995,-1444.7919625654522,70.68311816290857,0,306,1310
71523.046,1079.0,-61.120000000000026,2.01,1.2,520.8112813212243,-944.2268706125215,37.8447626737101,0,306,1306
71523.087,1608.0,-54.97000000000005,1.8500000000000003,1.2,922.5193689528403,-1316.0270736230736,51.91103348944538,0,306,1309
71523.109,253.00000000000003,-54.29000000000005,0.14999999999999997,-1.2,147.67127719566196,-205.43065784257897,0.6623516945167524,0,306,1305
71523.171,1773.0,-46.20999999999999,3.6500000000000004,-2.4,1224.4576866525158,-1277.2988476499406,112.8717298073497,0,306,1295
71523.235,5490.0,-38.7,3.35,1.2,4277.2414853819455,-3426.716595052049,320.8093716251729,0,306,1307
71523.235,1180.0,-39.00000000000003,1.01,2.4,916.8897588049927,-742.482686880305,20.79975676601467,0,306,1308
71523.256,1145.0,-36.890000000000015,2.21,1.2,915.0777677915239,-686.8101096371232,44.15373363516007,0,306,1306
71523.256,1091.0,-36.900000000000006,1.59,-1.2,872.1200433605175,-654.8062506743651,30.27216620312578,0,306,1309
71523.319,1202.0,-28.550000000000022,1.55,-1.2,1055.4509247996014,-574.2562433763019,32.5132631860288,0,306,1308
71523.382,2966.0000000000005,-21.279999999999962,5.089999999999999,9.6,2752.873342294447,-1072.1936117996427,263.14486523707575,0,306,1302
71523.382,1471.9999999999998,-20.879999999999985,1.0400000000000003,-1.2,1375.1056412772025,-524.5518604488226,26.717429279256315,0,306,1302
71523.424,453.00000000000006,-16.170000000000023,0.0,-1.2,435.0791539468763,-126.15518142696443,0.0,0,306,1309
71523.444,2303.0,-13.990000000000007,1.52,1.2,2233.9019365515687,-556.5601997007044,61.089131441386506,0,306,1305
71523.465,1859.9999999999995,-10.770000000000007,-0.26000000000000006,-2.4,1827.21771206371,-347.56897538545337,-8.440383294985983,0,306,1308
71523.465,4720.000000000001,-11.459999999999962,1.0699999999999998,-1.2,4625.093799226378,-937.6238665441191,88.14098504425077,0,306,1305
71523.487,2300.0,-8.930000000000021,4.62,8.4,2264.7385421533686,-355.8635842655153,185.2577800761252,0,306,1309
71523.528,4793.0,-3.949999999999972,-0.32,1.2,4781.53986554641,-330.1650096701196,-26.76902276798009,0,306,1309
71523.55,631.0,-0.7400000000000188,-0.55,-1.2,630.9183029922767,-8.149038371408714,-6.057072144774489,0,306,1309
71523.55,2220.0,-1.4400000000000264,0.92,-1.2,2219.0128074531867,-55.78162007470233,35.645072879254805,0,306,1293
71523.591,2320.0,3.609999999999999,4.77,2.4,2307.3772577992636,145.57218419123168,192.9220811118966,0,306,1293
71523.602,1916.0,5.19,13.02,12.3,1859.0892134101841,168.86321789839977,431.6578624592635,0,306,1307
71523.633,362.0,9.35,-0.96,-1.2,357.1404450785649,58.80405802309179,-6.065084426571253,0,306,1295
71523.633,1231.0,8.910000000000002,-0.18,2.4,1216.1393352757996,190.65980496828578,-3.867294195117742,0,306,1309
71523.696,530.0,16.670000000000005,1.13,1.2,507.6268565415499,152.00568455984003,10.45209927426572,0,306,1308
71523.738,2093.0,21.309999999999995,2.13,-2.4,1948.5497729333495,760.099619599106,77.79042798884115,0,306,1302
71523.738,515.0,21.319999999999997,0.69,-1.2,479.72086303099627,187.2282838868085,6.201877586409481,0,306,1309
71523.758,3265.0,24.27,3.9,-2.4,2969.542201600026,1338.928325849191,222.06992402203528,0,306,1305
71523.864,2861.0000000000005,37.17,2.8499999999999996,-1.2,2276.957688320343,1726.426601997368,142.25285063823011,0,306,1295
71523.864,2383.0,37.17,1.22,-1.2,1898.4544605461278,1439.4392571190738,50.73742501348494,0,306,1295
71523.905,440.00000000000006,41.98,1.1799999999999997,-2.4,327.01711007338093,294.24089794714394,9.061108900830579,0,306,1309
71523.969,2535.0,49.52,2.96,-1.2,1643.4822167313914,1925.6311363231825,130.9042784264934,0,306,1295
71523.969,2494.0,49.51,2.2,1.2,1618.1987868953674,1895.337092040786,95.73919586427475,0,306,1306
71524.01,193.00000000000003,56.05,-0.27999999999999997,-1.2,107.78327218961422,160.0964604928867,-0.9431721736267363,0,306,1309
71524.042,1868.9999999999998,57.84,10.090000000000002,12.0,979.4549539877393,1557.7588146717728,327.43925913254253,0,306,1305
71524.052,2131.0,59.39999999999999,2.84,1.2,1083.4349353709338,1831.98842676365,105.58477646813908,0,306,1310
71525.792,1000.0,-89.27999999999996,4.91,-2.4,12.519927203490091,-996.2517068924603,85.59081689456337,0,307,1307
71525.918,774.0,-73.69000000000001,4.41,-2.4,216.72214367057754,-740.6520447303745,59.515217209927066,0,307,1302
71525.918,1049.0,-73.68,5.77,-2.4,293.2773510714643,-1001.6322911691249,105.4615979197857,0,307,1305
71525.94,1017.9999999999999,-71.17000000000002,4.390000000000001,1.2,327.6070334742771,-960.6902029078524,77.92281857744423,0,307,1295
71526.045,1118.0,-59.25999999999999,1.92,-1.2,571.1371404832934,-960.3766450403567,37.45752823659792,0,307,1302
71526.045,1085.0,-58.89999999999996,1.7400000000000002,-1.2,560.1802466856112,-928.6214071270888,32.94500642818796,0,307,1293
71526.066,1631.9999999999998,-56.72000000000005,3.7200000000000006,1.2,893.6421939118429,-1361.475652313174,105.88520868773577,0,307,1309
71526.086,1628.0000000000002,-54.22000000000005,1.5799999999999996,1.2,951.4882333512642,-1320.2420900207562,44.88836744320757,0,307,1295
71526.107,3663.0,-51.12999999999999,1.1900000000000002,2.4,2298.239955927785,-2851.2935691536877,76.07290897473221,0,307,1302
71526.149,1223.0,-46.839999999999996,1.45,1.2,836.3106197290602,-891.8272254362209,30.947492614542774,0,307,1310
71526.149,973.0000000000001,-46.85000000000005,-0.32,1.2,665.4347327836449,-709.8563837575464,-5.434228907415946,0,307,1302
71526.149,3594.9999999999995,-46.85000000000005,0.73,2.4,2458.4594121644877,-2622.5759221095454,45.802309015018125,0,307,1302
71526.171,1251.0,-43.980000000000025,1.75,2.4,899.7775194611596,-868.2982749636398,38.20368002548815,0,307,1305
71526.233,1683.0,-36.08000000000001,3.3400000000000003,-1.2,1357.8825886912655,-989.4591640147709,98.053241029037,0,307,1310
71526.233,1135.0,-36.089999999999954,2.51,-2.4,916.3052674280151,-667.9363587735394,49.70591023228081,0,307,1293
71526.255,1634.0000000000002,-33.86999999999999,2.6999999999999997,-2.4,1355.210946949983,-909.6343274353827,76.97194045955611,0,307,1295
71526.255,2033.9999999999998,-34.22000000000002,3.2000000000000006,1.2,1679.2602546701335,-1142.0811931586063,113.54094115609517,0,307,1307
71526.255,871.0000000000001,-33.88999999999999,0.33999999999999997,-2.4,723.012746511378,-485.66125445945573,5.168587712485019,0,307,1305
71526.296,1834.0000000000002,-28.830000000000002,3.36,-1.2,1603.921704520793,-882.8573616071156,107.48974287455097,0,307,1309
71526.296,490.99999999999994,-28.760000000000005,-0.5500000000000002,-1.2,430.4117805541222,-236.22972930439806,-4.71318926003847,0,307,1306
71526.36,1448.0,-20.55000000000001,0.7300000000000001,-1.2,1355.748237992002,-508.2424365708929,18.448329194366135,0,307,1295
71526.36,1480.0000000000002,-21.180000000000017,0.84,-2.4,1379.8776559076314,-534.6652112762447,21.697155983897787,0,307,1308
71526.381,1020.9999999999999,-19.000000000000004,-0.24000000000000002,2.4,965.3659964867744,-332.4021695212905,-4.276742292467362,0,307,1306
71526.402,1791.9999999999998,-15.750000000000004,0.91,-2.4,1724.5022548368997,-486.35993666683856,28.460236609645836,0,307,1293
71526.422,3831.9999999999995,-13.290000000000003,0.7400000000000001,-1.2,3729.064201865743,-880.8262377968773,49.490576598042345,0,307,1309
71526.433,534.0,-13.569999999999986,9.74,8.4,511.61043791411606,-123.48806993546484,90.34077928012417,0,307,1307
71526.443,1853.0000000000002,-10.920000000000044,-0.5199999999999999,-2.4,1819.3721411506563,-351.01452729812377,-16.817063672105473,0,307,1305
71526.443,4683.0,-11.37000000000002,0.87,2.4,4590.564677395924,-923.1191308223558,71.10564643283668,0,307,1306
71526.464,4708.0,-8.370000000000003,2.24,12.0,4654.2944238502805,-684.7964745527619,184.01414227252442,0,307,1305
71526.505,4791.0,-3.810000000000031,-0.5,1.2,4780.229320970658,-318.3404789449941,-41.80883157270952,0,307,1302
71526.505,2255.0,-3.0899999999999745,0.66,-1.2,2251.5720508581794,-121.54666106315638,25.975160802021527,0,307,1309
71526.527,2193.0,-0.579999999999978,0.9800000000000001,-1.2,2192.5668771560795,-22.195914592445664,37.50774018042162,0,307,1307
71526.548,2200.0,1.5300000000000002,2.52,-2.4,2197.088874600006,58.68399471198233,96.72986029930279,0,307,1308
71526.548,324.00000000000006,1.93,1.1799999999999997,1.2,323.7475301536385,10.90951501172447,6.672271099702518,0,307,1307
71526.57,2315.0,4.919999999999999,4.84,2.4,2298.245780380156,197.83732594994962,195.32466671105053,0,307,1308
71526.59,2113.0000000000005,6.269999999999998,3.2199999999999993,2.4,2097.044605496725,230.40455100378549,118.6872589363777,0,307,1295
71526.601,923.0000000000001,7.660000000000001,24.329999999999995,7.0,833.5213326034965,112.10401632079709,380.268165403887,0,307,1293
71526.611,2399.9999999999995,8.800000000000002,4.790000000000001,3.6,2363.464663296078,365.8836609335719,200.4094109881125,0,307,1293
71526.632,4342.000000000001,11.319999999999999,2.9099999999999997,2.4,4252.041566833475,851.1853584810088,220.4313939253777,0,307,1293
71526.652,1482.0,13.839999999999998,0.13,1.2,1438.970154022021,354.51035119125993,3.3625484518046957,0,307,1306
71526.715,3294.0000000000005,26.609999999999996,3.7899999999999996,1.2,2938.645744204611,1472.205731186065,217.73257710097636,0,307,1309
71526.768,1226.0,27.919999999999998,12.32,7.0,1058.3492782510973,560.84018628928,261.59336893045844,0,307,1307
71526.779,3323.0,29.51,3.09,2.4,2887.7017802435857,1634.448453042695,179.12476859543375,0,307,1309
71526.842,2354.0,37.37,1.05,-1.2,1870.4862457084294,1428.5434587248544,43.13688850642598,0,307,1293
71526.842,3524.0000000000005,37.01,4.79,-3.6,2804.1932316279413,2113.878608318462,294.2678184675452,0,307,1295
71526.904,3435.0,45.0,5.26,-2.4,2418.683505817726,2418.683505817726,314.9050608843014,0,307,1306
71526.904,2094.0,44.730000000000004,1.08,2.4,1487.3784050249863,1473.4258404456816,39.46863276406472,0,307,1302
71526.946,2383.0,49.35,0.7800000000000001,1.2,1552.2294712753842,1807.8219786282527,32.44013089939585,0,307,1310
71526.967,482.0,51.89,0.46,1.2,297.46790088547635,379.2385441193588,3.8697024456110993,0,307,1308
71526.979,2118.0,51.92000000000001,9.44,-2.4,1288.610056916812,1644.6072810558007,347.383091573404,0,307,1307
71526.988,192.99999999999997,55.14999999999999,-0.3400000000000001,-1.2,110.28403627578467,158.38282634256828,-1.1452783335357162,0,307,1306
71527.009,492.00000000000006,57.71,1.6099999999999999,-1.2,262.72501127931827,415.75050848070316,13.8232827620258,0,307,1305
71527.03,2122.0,59.559999999999995,2.78,1.2,1073.8159114254552,1827.3508123183528,102.91937178673292,0,307,1307
71527.051,112.0,62.81,-0.54,2.4,51.17530807315685,99.61914292820393,-1.0555595045121287,0,307,1302
71528.75,1012.0,-88.97000000000003,5.21,2.4,18.116476574083293,-1007.6561445089386,91.89607015494032,0,308,1295
71528.792,1031.0,-86.48000000000003,5.15,-1.2,63.04471995707459,-1024.9007635810267,92.54614036556215,0,308,1310
71528.845,1023.9999999999999,-81.38,7.3900000000000015,1.2,152.20276447439636,-1004.0233751070056,131.7094557163169,0,308,1305
71528.959,962.9999999999999,-66.30000000000001,2.0200000000000005,-2.4,386.8351738463035,-881.2351231942412,33.94415891034098,0,308,1309
71529.022,283.0,-59.170000000000044,0.8600000000000001,1.2,145.0190526674493,-242.9823698618702,4.247622834582802,0,308,1309
71529.022,1554.0,-58.88000000000002,2.94,-1.2,802.1001038532652,-1328.6077485909202,79.70491692955535,0,308,1307
71529.022,1117.0,-58.83999999999997,1.92,-1.2,577.6445218809378,-955.3089807777619,37.424024186296855,0,308,1307
71529.022,1603.0000000000002,-58.81000000000002,4.049999999999999,1.2,828.0848992840799,-1367.8694199807117,113.21505844766018,0,308,1307
71529.044,1591.0,-56.300000000000026,2.8499999999999996,-1.2,881.6656256696899,-1322.001835704469,79.10670582503464,0,308,1310
71529.044,1145.0,-55.25999999999999,0.34,1.2,652.470597000811,-940.88307161602,6.794526901027953,0,308,1302
71529.065,3674.0,-51.56000000000001,1.21,1.2,2283.5971860871205,-2877.05416799545,77.58354281027535,0,308,1310
71529.065,1630.0,-54.16000000000005,1.53,2.4,954.0634692890806,-1320.896955661681,43.52159339669542,0,308,1310
71529.106,3614.0,-49.33,0.83,-1.2,2355.0015802319836,-2740.8434626095163,52.35141426492376,0,308,1306
71529.127,980.0,-46.08,0.58,-1.2,679.74541033175,-705.8666766020252,9.920282038970603,0,308,1308
71529.148,1243.0,-43.91000000000003,1.57,2.4,895.1584178339538,-861.7311616632603,34.056012677655275,0,308,1307
71529.17,1792.0,-41.37999999999999,4.36,-2.4,1340.7214068054586,-1181.1734215415054,136.23310015383626,0,308,1305
71529.18,2012.0000000000002,-40.170000000000016,14.579999999999997,10.6,1487.9274345913207,-1256.0613173020322,506.4838759210161,0,308,1293
71529.233,2039.9999999999998,-34.14999999999998,3.6199999999999997,1.2,1684.8758996553115,-1142.8923405361543,128.8033412008221,0,308,1305
71529.253,1245.0,-30.920000000000016,2.62,-2.4,1066.9510856860486,-639.0629956548022,56.91105637811077,0,308,1307
71529.295,1440.0,-25.819999999999986,1.35,-1.2,1295.8803837224862,-627.0112067928553,33.92606136039862,0,308,1306
71529.317,1794.0,-23.61000000000002,2.34,-1.2,1642.4586248349067,-717.9139343155925,73.24785744944693,0,308,1310
71529.317,1750.0,-23.27999999999999,1.69,-2.4,1606.823458430627,-691.3426910704636,51.61062817374652,0,308,1309
71529.317,182.0,-23.79000000000001,-1.24,2.4,166.4964762260549,-73.39898647622009,-3.938551582801788,0,308,1293
71529.327,1406.0000000000002,-22.299999999999997,22.359999999999996,12.3,1203.0367395544754,-493.40132500996026,534.8773090724202,0,308,1308
71529.337,289.0,-21.100000000000023,-0.59,-1.2,269.60927660989876,-104.0335615827584,-2.9759083140326332,0,308,1307
71529.359,451.0,-18.610000000000028,-0.35,2.4,427.4104650594233,-143.9225639531213,-2.754985090195941,0,308,1295
71529.401,3860.9999999999995,-13.439999999999994,1.0500000000000003,1.2,3754.6315099011745,-897.2498537718689,70.7525601203529,0,308,1306
71529.401,2315.0,-13.860000000000019,1.21,1.2,2247.095173188533,-554.4352759622586,48.885656397873554,0,308,1305
71529.421,1858.9999999999998,-11.360000000000023,-0.39000000000000007,-2.4,1822.5379724996133,-366.1642013108577,-12.653713896724373,0,308,1305
71529.421,153.0,-10.640000000000015,-1.0,1.2,150.346521173889,-28.245238638651223,-2.6702181849043773,0,308,1310
71529.466,3943.0,-6.319999999999976,-0.24,1.2,3919.0023923587246,-434.0466090415215,-16.5163514781575,0,308,1307
71529.466,2125.0,-6.319999999999977,-0.12,-1.2,2112.0808722793504,-233.92216917799658,-4.45058633884117,0,308,1295
71529.484,94.0,-3.4400000000000035,-1.05,-1.2,93.81487338289494,-5.639359526177856,-1.7225435512336629,0,308,1293
71529.484,4782.000000000001,-3.4200000000000044,-0.27999999999999997,1.2,4773.426570092906,-285.2659494923827,-23.36916753514535,0,308,1295
71529.505,2262.0,-1.0599999999999992,2.16,-2.4,2260.0059679367896,-41.81598883953504,85.25519319939193,0,308,1307
71529.548,2150.0,3.8000000000000007,2.9,1.2,2142.5258281716574,142.30640849199037,108.77482116493363,0,308,1309
71529.568,2333.0000000000005,6.359999999999999,5.109999999999999,-3.6,2309.4261853747307,257.41121061509114,207.7959647230772,0,308,1309
71529.589,3594.0000000000005,8.900000000000002,5.579999999999999,9.6,3533.902286857139,553.3943299594121,349.4643651571032,0,308,1308
71529.589,364.0,9.28,-0.88,-2.4,359.19362197821664,58.69147422859157,-5.590418861282863,0,308,1308
71529.599,1906.0,10.53,10.83,10.6,1840.5256724240546,342.11816765363614,358.12903890818455,0,308,1295
71529.61,1891.0,11.440000000000001,1.78,2.4,1852.5370512227048,374.88307921635703,58.73798399968927,0,308,1306
71529.673,2093.0,19.06,3.8499999999999996,1.2,1973.7912968257156,681.9436912230062,140.53369196104222,0,308,1302
71529.726,1245.9999999999998,25.730000000000004,12.250000000000004,7.0,1096.9017466723203,528.6107020816889,264.37337950693205,0,308,1307
71529.735,3310.0000000000005,27.1,3.1799999999999993,2.4,2942.067168637646,1505.531832916366,183.6155638826802,0,308,1295
71529.735,5140.0,27.050000000000004,3.7000000000000006,1.2,4568.19367002677,2332.6346293355723,331.69606442020404,0,308,1307
71529.777,133.0,32.4,3.1300000000000003,-4.8,112.12809349914208,71.15865193139011,7.262017870738298,0,308,1308
71529.798,4582.0,34.940000000000005,4.56,3.6,3744.215296493238,2615.888724953469,364.28284638089696,0,308,1306
71529.82,4925.000000000001,36.76,4.589999999999999,1.2,3933.0063790762533,2937.9845080211107,394.1228904459329,0,308,1309
71529.862,2102.0,42.55,0.8900000000000001,1.2,1548.3302940596054,1421.2710089106786,32.64995753928634,0,308,1310
71529.904,999.0,47.32000000000001,1.18,-1.2,677.0815746567542,734.2603759455786,20.572835890749428,0,308,1302
71529.904,2502.0,46.91,2.26,-2.4,1707.9026135378615,1825.7431359313214,98.664402244207,0,308,1306
71529.924,501.00000000000006,50.89,1.3099999999999998,-2.4,315.95383193160063,388.64249276775604,11.453772435428021,0,308,1293
71529.967,193.0,55.29999999999999,-0.25,-1.2,109.86990212991557,158.67228945871875,-0.8421186919560882,0,308,1310
71529.967,2141.0,56.04,2.88,-1.2,1194.48196174501,1773.5619172730965,107.5730852228866,0,308,1306
71529.967,2515.0000000000005,54.580000000000005,3.13,1.2,1455.4332277703359,2046.4802662734512,137.32311988651745,0,308,1295
71530.008,1023.9999999999999,60.41,2.2700000000000005,-1.2,505.2442748982014,889.7523097021891,40.55921673566124,0,308,1305
71530.019,2395.0,61.36,14.149999999999999,3.5,1113.1053019442231,2038.1926166618443,585.484794139698,0,308,1295
